filename,label,split
Adristyrannus/64003.jpg,Adristyrannus,train
Adristyrannus/64006.jpg,Adristyrannus,train
Adristyrannus/64007.jpg,Adristyrannus,train
Adristyrannus/64008.jpg,Adristyrannus,val
Adristyrannus/64009.jpg,Adristyrannus,test
Adristyrannus/64010.jpg,Adristyrannus,train
Adristyrannus/64013.jpg,Adristyrannus,train
Adristyrannus/64016.jpg,Adristyrannus,train
Adristyrannus/64017.jpg,Adristyrannus,train
Adristyrannus/64018.jpg,Adristyrannus,train
Adristyrannus/64019.jpg,Adristyrannus,train
Adristyrannus/64020.jpg,Adristyrannus,val
Adristyrannus/64021.jpg,Adristyrannus,train
Adristyrannus/64025.jpg,Adristyrannus,val
Adristyrannus/64027.jpg,Adristyrannus,train
Adristyrannus/64028.jpg,Adristyrannus,train
Adristyrannus/64034.jpg,Adristyrannus,test
Adristyrannus/64035.jpg,Adristyrannus,val
Adristyrannus/64036.jpg,Adristyrannus,val
Adristyrannus/64038.jpg,Adristyrannus,train
Adristyrannus/64040.jpg,Adristyrannus,train
Adristyrannus/64041.jpg,Adristyrannus,train
Adristyrannus/64042.jpg,Adristyrannus,train
Adristyrannus/64043.jpg,Adristyrannus,train
Adristyrannus/64045.jpg,Adristyrannus,train
Adristyrannus/64046.jpg,Adristyrannus,train
Adristyrannus/64047.jpg,Adristyrannus,val
Adristyrannus/64048.jpg,Adristyrannus,test
Adristyrannus/64050.jpg,Adristyrannus,train
Adristyrannus/64051.jpg,Adristyrannus,train
Adristyrannus/64052.jpg,Adristyrannus,val
Adristyrannus/64053.jpg,Adristyrannus,train
Adristyrannus/64056.jpg,Adristyrannus,train
Adristyrannus/64058.jpg,Adristyrannus,train
Adristyrannus/64059.jpg,Adristyrannus,train
Adristyrannus/64060.jpg,Adristyrannus,train
Adristyrannus/64061.jpg,Adristyrannus,train
Adristyrannus/64064.jpg,Adristyrannus,train
Adristyrannus/64065.jpg,Adristyrannus,train
Adristyrannus/64067.jpg,Adristyrannus,train
Adristyrannus/64068.jpg,Adristyrannus,train
Adristyrannus/64069.jpg,Adristyrannus,train
Adristyrannus/64070.jpg,Adristyrannus,test
Adristyrannus/64071.jpg,Adristyrannus,val
Adristyrannus/64072.jpg,Adristyrannus,train
Adristyrannus/64073.jpg,Adristyrannus,train
Adristyrannus/64074.jpg,Adristyrannus,train
Adristyrannus/64076.jpg,Adristyrannus,train
Adristyrannus/64077.jpg,Adristyrannus,train
Adristyrannus/64078.jpg,Adristyrannus,train
Adristyrannus/64079.jpg,Adristyrannus,val
Adristyrannus/64083.jpg,Adristyrannus,val
Adristyrannus/64084.jpg,Adristyrannus,test
Adristyrannus/64085.jpg,Adristyrannus,train
Adristyrannus/64087.jpg,Adristyrannus,train
Adristyrannus/64088.jpg,Adristyrannus,train
Adristyrannus/64090.jpg,Adristyrannus,train
Adristyrannus/64094.jpg,Adristyrannus,train
Adristyrannus/64095.jpg,Adristyrannus,val
Adristyrannus/64098.jpg,Adristyrannus,train
Adristyrannus/64099.jpg,Adristyrannus,train
Adristyrannus/64100.jpg,Adristyrannus,train
Adristyrannus/64103.jpg,Adristyrannus,train
Adristyrannus/64106.jpg,Adristyrannus,val
Adristyrannus/64108.jpg,Adristyrannus,train
Adristyrannus/64109.jpg,Adristyrannus,train
Adristyrannus/64110.jpg,Adristyrannus,train
Adristyrannus/64112.jpg,Adristyrannus,val
Adristyrannus/64113.jpg,Adristyrannus,train
Adristyrannus/64114.jpg,Adristyrannus,train
Adristyrannus/64116.jpg,Adristyrannus,train
Adristyrannus/64118.jpg,Adristyrannus,train
Adristyrannus/64120.jpg,Adristyrannus,val
Adristyrannus/64121.jpg,Adristyrannus,train
Adristyrannus/64122.jpg,Adristyrannus,train
Adristyrannus/64125.jpg,Adristyrannus,train
Adristyrannus/64126.jpg,Adristyrannus,train
Adristyrannus/64127.jpg,Adristyrannus,train
Adristyrannus/64128.jpg,Adristyrannus,test
Adristyrannus/64129.jpg,Adristyrannus,test
Adristyrannus/64130.jpg,Adristyrannus,val
Adristyrannus/64131.jpg,Adristyrannus,train
Adristyrannus/64132.jpg,Adristyrannus,train
Adristyrannus/64133.jpg,Adristyrannus,train
Adristyrannus/64136.jpg,Adristyrannus,train
Adristyrannus/64137.jpg,Adristyrannus,test
Adristyrannus/64139.jpg,Adristyrannus,train
Adristyrannus/64140.jpg,Adristyrannus,train
Adristyrannus/64142.jpg,Adristyrannus,train
Adristyrannus/64145.jpg,Adristyrannus,test
Adristyrannus/64146.jpg,Adristyrannus,test
Adristyrannus/64153.jpg,Adristyrannus,train
Adristyrannus/64154.jpg,Adristyrannus,test
Adristyrannus/64155.jpg,Adristyrannus,test
Adristyrannus/64156.jpg,Adristyrannus,train
Adristyrannus/64158.jpg,Adristyrannus,train
Adristyrannus/64159.jpg,Adristyrannus,train
Adristyrannus/64160.jpg,Adristyrannus,train
Adristyrannus/64161.jpg,Adristyrannus,test
Adristyrannus/64162.jpg,Adristyrannus,train
Adristyrannus/64163.jpg,Adristyrannus,test
Adristyrannus/64165.jpg,Adristyrannus,train
Adristyrannus/64167.jpg,Adristyrannus,test
Adristyrannus/64168.jpg,Adristyrannus,test
Adristyrannus/64171.jpg,Adristyrannus,val
Adristyrannus/64172.jpg,Adristyrannus,train
Adristyrannus/64179.jpg,Adristyrannus,train
Adristyrannus/64180.jpg,Adristyrannus,train
Adristyrannus/64181.jpg,Adristyrannus,test
Adristyrannus/64182.jpg,Adristyrannus,train
Adristyrannus/64183.jpg,Adristyrannus,val
Adristyrannus/64186.jpg,Adristyrannus,train
Adristyrannus/64189.jpg,Adristyrannus,train
Adristyrannus/64191.jpg,Adristyrannus,train
Adristyrannus/64192.jpg,Adristyrannus,train
Adristyrannus/64195.jpg,Adristyrannus,val
Adristyrannus/64197.jpg,Adristyrannus,train
Adristyrannus/64198.jpg,Adristyrannus,val
Adristyrannus/64200.jpg,Adristyrannus,train
Adristyrannus/64201.jpg,Adristyrannus,train
Adristyrannus/64204.jpg,Adristyrannus,train
Adristyrannus/64205.jpg,Adristyrannus,train
Adristyrannus/64206.jpg,Adristyrannus,train
Adristyrannus/64207.jpg,Adristyrannus,train
Adristyrannus/64208.jpg,Adristyrannus,train
Adristyrannus/64209.jpg,Adristyrannus,train
Adristyrannus/64210.jpg,Adristyrannus,train
Adristyrannus/64211.jpg,Adristyrannus,train
Adristyrannus/64213.jpg,Adristyrannus,train
Adristyrannus/64214.jpg,Adristyrannus,test
Adristyrannus/64217.jpg,Adristyrannus,train
Adristyrannus/64218.jpg,Adristyrannus,train
Adristyrannus/64219.jpg,Adristyrannus,train
Adristyrannus/64221.jpg,Adristyrannus,train
Adristyrannus/64224.jpg,Adristyrannus,val
Adristyrannus/64225.jpg,Adristyrannus,train
Adristyrannus/64226.jpg,Adristyrannus,test
Adristyrannus/64232.jpg,Adristyrannus,train
Adristyrannus/64234.jpg,Adristyrannus,train
Adristyrannus/64235.jpg,Adristyrannus,val
Adristyrannus/64236.jpg,Adristyrannus,val
Adristyrannus/64238.jpg,Adristyrannus,train
Adristyrannus/64239.jpg,Adristyrannus,train
Adristyrannus/64241.jpg,Adristyrannus,train
Adristyrannus/64243.jpg,Adristyrannus,train
Adristyrannus/64244.jpg,Adristyrannus,train
Adristyrannus/64245.jpg,Adristyrannus,test
Adristyrannus/64246.jpg,Adristyrannus,train
Adristyrannus/64248.jpg,Adristyrannus,val
Adristyrannus/64249.jpg,Adristyrannus,test
Adristyrannus/64251.jpg,Adristyrannus,train
Adristyrannus/64252.jpg,Adristyrannus,train
Adristyrannus/64253.jpg,Adristyrannus,val
Adristyrannus/64254.jpg,Adristyrannus,train
Adristyrannus/64255.jpg,Adristyrannus,train
Adristyrannus/64258.jpg,Adristyrannus,val
Adristyrannus/64260.jpg,Adristyrannus,train
Adristyrannus/64262.jpg,Adristyrannus,val
Adristyrannus/64265.jpg,Adristyrannus,test
Adristyrannus/64266.jpg,Adristyrannus,val
Adristyrannus/64269.jpg,Adristyrannus,train
Adristyrannus/64270.jpg,Adristyrannus,train
Adristyrannus/64272.jpg,Adristyrannus,test
Adristyrannus/64273.jpg,Adristyrannus,train
Adristyrannus/64274.jpg,Adristyrannus,train
Adristyrannus/64275.jpg,Adristyrannus,train
Adristyrannus/64278.jpg,Adristyrannus,train
Adristyrannus/64284.jpg,Adristyrannus,test
Adristyrannus/64285.jpg,Adristyrannus,test
Adristyrannus/64287.jpg,Adristyrannus,train
Adristyrannus/64288.jpg,Adristyrannus,train
Adristyrannus/64289.jpg,Adristyrannus,train
Adristyrannus/64290.jpg,Adristyrannus,train
Adristyrannus/64291.jpg,Adristyrannus,train
Adristyrannus/64292.jpg,Adristyrannus,train
Adristyrannus/64296.jpg,Adristyrannus,train
Adristyrannus/64297.jpg,Adristyrannus,test
Adristyrannus/64299.jpg,Adristyrannus,train
Adristyrannus/64301.jpg,Adristyrannus,val
Adristyrannus/64304.jpg,Adristyrannus,train
Adristyrannus/64306.jpg,Adristyrannus,train
Adristyrannus/64307.jpg,Adristyrannus,test
Adristyrannus/64308.jpg,Adristyrannus,test
Adristyrannus/64309.jpg,Adristyrannus,train
Adristyrannus/64311.jpg,Adristyrannus,train
Adristyrannus/64312.jpg,Adristyrannus,train
Aleurocanthus spiniferus/61014.jpg,Aleurocanthus spiniferus,val
Aleurocanthus spiniferus/61015.jpg,Aleurocanthus spiniferus,train
Aleurocanthus spiniferus/61016.jpg,Aleurocanthus spiniferus,train
Aleurocanthus spiniferus/61017.jpg,Aleurocanthus spiniferus,val
Aleurocanthus spiniferus/61019.jpg,Aleurocanthus spiniferus,train
Aleurocanthus spiniferus/61020.jpg,Aleurocanthus spiniferus,train
Aleurocanthus spiniferus/61021.jpg,Aleurocanthus spiniferus,val
Aleurocanthus spiniferus/61025.jpg,Aleurocanthus spiniferus,val
Aleurocanthus spiniferus/61026.jpg,Aleurocanthus spiniferus,test
Aleurocanthus spiniferus/61027.jpg,Aleurocanthus spiniferus,train
Aleurocanthus spiniferus/61028.jpg,Aleurocanthus spiniferus,test
Aleurocanthus spiniferus/61029.jpg,Aleurocanthus spiniferus,train
Aleurocanthus spiniferus/61030.jpg,Aleurocanthus spiniferus,test
Aleurocanthus spiniferus/61033.jpg,Aleurocanthus spiniferus,train
Aleurocanthus spiniferus/61034.jpg,Aleurocanthus spiniferus,val
Aleurocanthus spiniferus/61037.jpg,Aleurocanthus spiniferus,train
Aleurocanthus spiniferus/61039.jpg,Aleurocanthus spiniferus,train
Aleurocanthus spiniferus/61040.jpg,Aleurocanthus spiniferus,train
Aleurocanthus spiniferus/61042.jpg,Aleurocanthus spiniferus,train
Aleurocanthus spiniferus/61043.jpg,Aleurocanthus spiniferus,val
Aleurocanthus spiniferus/61046.jpg,Aleurocanthus spiniferus,train
Aleurocanthus spiniferus/61047.jpg,Aleurocanthus spiniferus,test
Aleurocanthus spiniferus/61048.jpg,Aleurocanthus spiniferus,test
Aleurocanthus spiniferus/61050.jpg,Aleurocanthus spiniferus,train
Aleurocanthus spiniferus/61052.jpg,Aleurocanthus spiniferus,train
Aleurocanthus spiniferus/61053.jpg,Aleurocanthus spiniferus,train
Aleurocanthus spiniferus/61054.jpg,Aleurocanthus spiniferus,test
Aleurocanthus spiniferus/61057.jpg,Aleurocanthus spiniferus,val
Aleurocanthus spiniferus/61060.jpg,Aleurocanthus spiniferus,val
Aleurocanthus spiniferus/61061.jpg,Aleurocanthus spiniferus,train
Aleurocanthus spiniferus/61062.jpg,Aleurocanthus spiniferus,val
Aleurocanthus spiniferus/61063.jpg,Aleurocanthus spiniferus,train
Aleurocanthus spiniferus/61064.jpg,Aleurocanthus spiniferus,train
Aleurocanthus spiniferus/61065.jpg,Aleurocanthus spiniferus,train
Aleurocanthus spiniferus/61066.jpg,Aleurocanthus spiniferus,val
Aleurocanthus spiniferus/61068.jpg,Aleurocanthus spiniferus,train
Aleurocanthus spiniferus/61069.jpg,Aleurocanthus spiniferus,train
Aleurocanthus spiniferus/61070.jpg,Aleurocanthus spiniferus,val
Aleurocanthus spiniferus/61071.jpg,Aleurocanthus spiniferus,train
Aleurocanthus spiniferus/61072.jpg,Aleurocanthus spiniferus,train
Aleurocanthus spiniferus/61073.jpg,Aleurocanthus spiniferus,val
Aleurocanthus spiniferus/61074.jpg,Aleurocanthus spiniferus,test
Aleurocanthus spiniferus/61076.jpg,Aleurocanthus spiniferus,train
Aleurocanthus spiniferus/61077.jpg,Aleurocanthus spiniferus,train
Aleurocanthus spiniferus/61078.jpg,Aleurocanthus spiniferus,train
Aleurocanthus spiniferus/61079.jpg,Aleurocanthus spiniferus,val
Aleurocanthus spiniferus/61080.jpg,Aleurocanthus spiniferus,train
Aleurocanthus spiniferus/61082.jpg,Aleurocanthus spiniferus,train
Aleurocanthus spiniferus/61083.jpg,Aleurocanthus spiniferus,train
Aleurocanthus spiniferus/61086.jpg,Aleurocanthus spiniferus,train
Aleurocanthus spiniferus/61087.jpg,Aleurocanthus spiniferus,train
Aleurocanthus spiniferus/61090.jpg,Aleurocanthus spiniferus,train
Aleurocanthus spiniferus/61091.jpg,Aleurocanthus spiniferus,test
Aleurocanthus spiniferus/61092.jpg,Aleurocanthus spiniferus,train
Aleurocanthus spiniferus/61093.jpg,Aleurocanthus spiniferus,val
Aleurocanthus spiniferus/61095.jpg,Aleurocanthus spiniferus,train
Aleurocanthus spiniferus/61096.jpg,Aleurocanthus spiniferus,train
Aleurocanthus spiniferus/61097.jpg,Aleurocanthus spiniferus,train
Aleurocanthus spiniferus/61099.jpg,Aleurocanthus spiniferus,test
Aleurocanthus spiniferus/61100.jpg,Aleurocanthus spiniferus,train
Aleurocanthus spiniferus/61101.jpg,Aleurocanthus spiniferus,train
Aleurocanthus spiniferus/61102.jpg,Aleurocanthus spiniferus,train
Aleurocanthus spiniferus/61103.jpg,Aleurocanthus spiniferus,train
Aleurocanthus spiniferus/61104.jpg,Aleurocanthus spiniferus,train
Aleurocanthus spiniferus/61107.jpg,Aleurocanthus spiniferus,train
Aleurocanthus spiniferus/61111.jpg,Aleurocanthus spiniferus,train
Aleurocanthus spiniferus/61119.jpg,Aleurocanthus spiniferus,train
Aleurocanthus spiniferus/61120.jpg,Aleurocanthus spiniferus,train
Aleurocanthus spiniferus/61124.jpg,Aleurocanthus spiniferus,train
Aleurocanthus spiniferus/61125.jpg,Aleurocanthus spiniferus,val
Aleurocanthus spiniferus/61126.jpg,Aleurocanthus spiniferus,train
Aleurocanthus spiniferus/61127.jpg,Aleurocanthus spiniferus,train
Aleurocanthus spiniferus/61130.jpg,Aleurocanthus spiniferus,train
Aleurocanthus spiniferus/61131.jpg,Aleurocanthus spiniferus,train
Aleurocanthus spiniferus/61132.jpg,Aleurocanthus spiniferus,train
Aleurocanthus spiniferus/61133.jpg,Aleurocanthus spiniferus,test
Aleurocanthus spiniferus/61134.jpg,Aleurocanthus spiniferus,test
Aleurocanthus spiniferus/61135.jpg,Aleurocanthus spiniferus,train
Aleurocanthus spiniferus/61136.jpg,Aleurocanthus spiniferus,test
Aleurocanthus spiniferus/61137.jpg,Aleurocanthus spiniferus,val
Aleurocanthus spiniferus/61138.jpg,Aleurocanthus spiniferus,val
Aleurocanthus spiniferus/61140.jpg,Aleurocanthus spiniferus,val
Aleurocanthus spiniferus/61141.jpg,Aleurocanthus spiniferus,train
Aleurocanthus spiniferus/61143.jpg,Aleurocanthus spiniferus,test
Aleurocanthus spiniferus/61144.jpg,Aleurocanthus spiniferus,train
Aleurocanthus spiniferus/61149.jpg,Aleurocanthus spiniferus,train
Aleurocanthus spiniferus/61150.jpg,Aleurocanthus spiniferus,test
Aleurocanthus spiniferus/61151.jpg,Aleurocanthus spiniferus,train
Aleurocanthus spiniferus/61154.jpg,Aleurocanthus spiniferus,train
Aleurocanthus spiniferus/61157.jpg,Aleurocanthus spiniferus,test
Aleurocanthus spiniferus/61163.jpg,Aleurocanthus spiniferus,train
Aleurocanthus spiniferus/61164.jpg,Aleurocanthus spiniferus,train
Aleurocanthus spiniferus/61166.jpg,Aleurocanthus spiniferus,train
Aleurocanthus spiniferus/61169.jpg,Aleurocanthus spiniferus,train
Aleurocanthus spiniferus/61172.jpg,Aleurocanthus spiniferus,train
Aleurocanthus spiniferus/61175.jpg,Aleurocanthus spiniferus,train
Aleurocanthus spiniferus/61176.jpg,Aleurocanthus spiniferus,train
Aleurocanthus spiniferus/61177.jpg,Aleurocanthus spiniferus,train
Aleurocanthus spiniferus/61178.jpg,Aleurocanthus spiniferus,test
Aleurocanthus spiniferus/61180.jpg,Aleurocanthus spiniferus,val
Aleurocanthus spiniferus/61181.jpg,Aleurocanthus spiniferus,val
Aleurocanthus spiniferus/61183.jpg,Aleurocanthus spiniferus,train
Aleurocanthus spiniferus/61184.jpg,Aleurocanthus spiniferus,train
Aleurocanthus spiniferus/61185.jpg,Aleurocanthus spiniferus,train
Aleurocanthus spiniferus/61190.jpg,Aleurocanthus spiniferus,train
Aleurocanthus spiniferus/61191.jpg,Aleurocanthus spiniferus,train
Aleurocanthus spiniferus/61193.jpg,Aleurocanthus spiniferus,train
Aleurocanthus spiniferus/61194.jpg,Aleurocanthus spiniferus,train
Aleurocanthus spiniferus/61195.jpg,Aleurocanthus spiniferus,test
Aleurocanthus spiniferus/61196.jpg,Aleurocanthus spiniferus,train
Aleurocanthus spiniferus/61197.jpg,Aleurocanthus spiniferus,train
Aleurocanthus spiniferus/61198.jpg,Aleurocanthus spiniferus,train
Aleurocanthus spiniferus/61200.jpg,Aleurocanthus spiniferus,train
Aleurocanthus spiniferus/61207.jpg,Aleurocanthus spiniferus,train
Aleurocanthus spiniferus/61210.jpg,Aleurocanthus spiniferus,test
Aleurocanthus spiniferus/61211.jpg,Aleurocanthus spiniferus,train
Aleurocanthus spiniferus/61213.jpg,Aleurocanthus spiniferus,val
Aleurocanthus spiniferus/61218.jpg,Aleurocanthus spiniferus,train
Aleurocanthus spiniferus/61220.jpg,Aleurocanthus spiniferus,train
Aleurocanthus spiniferus/61222.jpg,Aleurocanthus spiniferus,train
Aleurocanthus spiniferus/61225.jpg,Aleurocanthus spiniferus,train
Aleurocanthus spiniferus/61226.jpg,Aleurocanthus spiniferus,test
Aleurocanthus spiniferus/61227.jpg,Aleurocanthus spiniferus,train
Aleurocanthus spiniferus/61228.jpg,Aleurocanthus spiniferus,train
Aleurocanthus spiniferus/61230.jpg,Aleurocanthus spiniferus,test
Aleurocanthus spiniferus/61234.jpg,Aleurocanthus spiniferus,val
Aleurocanthus spiniferus/61235.jpg,Aleurocanthus spiniferus,train
Aleurocanthus spiniferus/61236.jpg,Aleurocanthus spiniferus,train
Aleurocanthus spiniferus/61237.jpg,Aleurocanthus spiniferus,train
Aleurocanthus spiniferus/61239.jpg,Aleurocanthus spiniferus,train
Aleurocanthus spiniferus/61242.jpg,Aleurocanthus spiniferus,train
Aleurocanthus spiniferus/61244.jpg,Aleurocanthus spiniferus,train
Aleurocanthus spiniferus/61246.jpg,Aleurocanthus spiniferus,train
Aleurocanthus spiniferus/61248.jpg,Aleurocanthus spiniferus,train
Aleurocanthus spiniferus/61249.jpg,Aleurocanthus spiniferus,train
Aleurocanthus spiniferus/61252.jpg,Aleurocanthus spiniferus,train
Aleurocanthus spiniferus/61254.jpg,Aleurocanthus spiniferus,train
Aleurocanthus spiniferus/61256.jpg,Aleurocanthus spiniferus,train
Aleurocanthus spiniferus/61258.jpg,Aleurocanthus spiniferus,train
Aleurocanthus spiniferus/61259.jpg,Aleurocanthus spiniferus,val
Aleurocanthus spiniferus/61261.jpg,Aleurocanthus spiniferus,train
Aleurocanthus spiniferus/61262.jpg,Aleurocanthus spiniferus,test
Aleurocanthus spiniferus/61264.jpg,Aleurocanthus spiniferus,val
Aleurocanthus spiniferus/61267.jpg,Aleurocanthus spiniferus,train
Aleurocanthus spiniferus/61268.jpg,Aleurocanthus spiniferus,train
Aleurocanthus spiniferus/61271.jpg,Aleurocanthus spiniferus,train
Aleurocanthus spiniferus/61273.jpg,Aleurocanthus spiniferus,val
Aleurocanthus spiniferus/61274.jpg,Aleurocanthus spiniferus,train
Aleurocanthus spiniferus/61276.jpg,Aleurocanthus spiniferus,train
Aleurocanthus spiniferus/61277.jpg,Aleurocanthus spiniferus,train
Aleurocanthus spiniferus/61278.jpg,Aleurocanthus spiniferus,train
Aleurocanthus spiniferus/61279.jpg,Aleurocanthus spiniferus,test
Aleurocanthus spiniferus/61280.jpg,Aleurocanthus spiniferus,train
Aleurocanthus spiniferus/61281.jpg,Aleurocanthus spiniferus,val
Aleurocanthus spiniferus/61282.jpg,Aleurocanthus spiniferus,test
Aleurocanthus spiniferus/61283.jpg,Aleurocanthus spiniferus,train
Aleurocanthus spiniferus/61285.jpg,Aleurocanthus spiniferus,train
Aleurocanthus spiniferus/61286.jpg,Aleurocanthus spiniferus,test
Aleurocanthus spiniferus/61287.jpg,Aleurocanthus spiniferus,train
Aleurocanthus spiniferus/61290.jpg,Aleurocanthus spiniferus,train
Aleurocanthus spiniferus/61293.jpg,Aleurocanthus spiniferus,test
Aleurocanthus spiniferus/61294.jpg,Aleurocanthus spiniferus,train
Aleurocanthus spiniferus/61295.jpg,Aleurocanthus spiniferus,train
Aleurocanthus spiniferus/61296.jpg,Aleurocanthus spiniferus,train
Aleurocanthus spiniferus/61297.jpg,Aleurocanthus spiniferus,train
Aleurocanthus spiniferus/61299.jpg,Aleurocanthus spiniferus,val
Aleurocanthus spiniferus/61301.jpg,Aleurocanthus spiniferus,train
Aleurocanthus spiniferus/61302.jpg,Aleurocanthus spiniferus,train
Aleurocanthus spiniferus/61303.jpg,Aleurocanthus spiniferus,test
Aleurocanthus spiniferus/61305.jpg,Aleurocanthus spiniferus,train
Aleurocanthus spiniferus/61306.jpg,Aleurocanthus spiniferus,train
Aleurocanthus spiniferus/61308.jpg,Aleurocanthus spiniferus,train
Aleurocanthus spiniferus/61310.jpg,Aleurocanthus spiniferus,train
Aleurocanthus spiniferus/61312.jpg,Aleurocanthus spiniferus,train
Aleurocanthus spiniferus/61313.jpg,Aleurocanthus spiniferus,train
Aleurocanthus spiniferus/61314.jpg,Aleurocanthus spiniferus,train
Aleurocanthus spiniferus/61315.jpg,Aleurocanthus spiniferus,train
Aleurocanthus spiniferus/61316.jpg,Aleurocanthus spiniferus,train
Aleurocanthus spiniferus/61318.jpg,Aleurocanthus spiniferus,train
Aleurocanthus spiniferus/61323.jpg,Aleurocanthus spiniferus,train
Aleurocanthus spiniferus/61324.jpg,Aleurocanthus spiniferus,test
Aleurocanthus spiniferus/61325.jpg,Aleurocanthus spiniferus,train
Aleurocanthus spiniferus/61329.jpg,Aleurocanthus spiniferus,test
Aleurocanthus spiniferus/61332.jpg,Aleurocanthus spiniferus,train
Aleurocanthus spiniferus/61333.jpg,Aleurocanthus spiniferus,val
Aleurocanthus spiniferus/61335.jpg,Aleurocanthus spiniferus,train
Aleurocanthus spiniferus/61336.jpg,Aleurocanthus spiniferus,train
Aleurocanthus spiniferus/61337.jpg,Aleurocanthus spiniferus,train
Aleurocanthus spiniferus/61338.jpg,Aleurocanthus spiniferus,train
Aleurocanthus spiniferus/61340.jpg,Aleurocanthus spiniferus,train
Aleurocanthus spiniferus/61342.jpg,Aleurocanthus spiniferus,val
Aleurocanthus spiniferus/61345.jpg,Aleurocanthus spiniferus,val
Aleurocanthus spiniferus/61347.jpg,Aleurocanthus spiniferus,train
Aleurocanthus spiniferus/61348.jpg,Aleurocanthus spiniferus,val
Aleurocanthus spiniferus/61350.jpg,Aleurocanthus spiniferus,train
Aleurocanthus spiniferus/61352.jpg,Aleurocanthus spiniferus,train
Aleurocanthus spiniferus/61354.jpg,Aleurocanthus spiniferus,train
Aleurocanthus spiniferus/61355.jpg,Aleurocanthus spiniferus,train
Aleurocanthus spiniferus/61357.jpg,Aleurocanthus spiniferus,train
Aleurocanthus spiniferus/61358.jpg,Aleurocanthus spiniferus,train
Aleurocanthus spiniferus/61359.jpg,Aleurocanthus spiniferus,train
Aleurocanthus spiniferus/61360.jpg,Aleurocanthus spiniferus,train
Aleurocanthus spiniferus/61361.jpg,Aleurocanthus spiniferus,train
Aleurocanthus spiniferus/61362.jpg,Aleurocanthus spiniferus,val
Aleurocanthus spiniferus/61363.jpg,Aleurocanthus spiniferus,train
Aleurocanthus spiniferus/61364.jpg,Aleurocanthus spiniferus,train
Aleurocanthus spiniferus/61365.jpg,Aleurocanthus spiniferus,train
Aleurocanthus spiniferus/61366.jpg,Aleurocanthus spiniferus,test
Aleurocanthus spiniferus/61367.jpg,Aleurocanthus spiniferus,train
Aleurocanthus spiniferus/61370.jpg,Aleurocanthus spiniferus,train
Aleurocanthus spiniferus/61372.jpg,Aleurocanthus spiniferus,train
Aleurocanthus spiniferus/61373.jpg,Aleurocanthus spiniferus,train
Aleurocanthus spiniferus/61374.jpg,Aleurocanthus spiniferus,val
Aleurocanthus spiniferus/61376.jpg,Aleurocanthus spiniferus,train
Aleurocanthus spiniferus/61377.jpg,Aleurocanthus spiniferus,train
Aleurocanthus spiniferus/61378.jpg,Aleurocanthus spiniferus,val
Aleurocanthus spiniferus/61379.jpg,Aleurocanthus spiniferus,train
Aleurocanthus spiniferus/61381.jpg,Aleurocanthus spiniferus,train
Aleurocanthus spiniferus/61382.jpg,Aleurocanthus spiniferus,test
Aleurocanthus spiniferus/61383.jpg,Aleurocanthus spiniferus,train
Aleurocanthus spiniferus/61384.jpg,Aleurocanthus spiniferus,val
Aleurocanthus spiniferus/61385.jpg,Aleurocanthus spiniferus,train
Aleurocanthus spiniferus/61386.jpg,Aleurocanthus spiniferus,train
Aleurocanthus spiniferus/61388.jpg,Aleurocanthus spiniferus,val
Aleurocanthus spiniferus/61390.jpg,Aleurocanthus spiniferus,train
Aleurocanthus spiniferus/61391.jpg,Aleurocanthus spiniferus,test
Aleurocanthus spiniferus/61392.jpg,Aleurocanthus spiniferus,train
Aleurocanthus spiniferus/61393.jpg,Aleurocanthus spiniferus,train
Aleurocanthus spiniferus/61394.jpg,Aleurocanthus spiniferus,train
Aleurocanthus spiniferus/61396.jpg,Aleurocanthus spiniferus,train
Aleurocanthus spiniferus/61399.jpg,Aleurocanthus spiniferus,train
Aleurocanthus spiniferus/61400.jpg,Aleurocanthus spiniferus,train
Aleurocanthus spiniferus/61402.jpg,Aleurocanthus spiniferus,train
Aleurocanthus spiniferus/61403.jpg,Aleurocanthus spiniferus,train
Aleurocanthus spiniferus/61404.jpg,Aleurocanthus spiniferus,test
Aleurocanthus spiniferus/61405.jpg,Aleurocanthus spiniferus,train
Aleurocanthus spiniferus/61406.jpg,Aleurocanthus spiniferus,test
Aleurocanthus spiniferus/61409.jpg,Aleurocanthus spiniferus,train
Aleurocanthus spiniferus/61410.jpg,Aleurocanthus spiniferus,test
Aleurocanthus spiniferus/61413.jpg,Aleurocanthus spiniferus,train
Aleurocanthus spiniferus/61414.jpg,Aleurocanthus spiniferus,train
Aleurocanthus spiniferus/61415.jpg,Aleurocanthus spiniferus,train
Aleurocanthus spiniferus/61416.jpg,Aleurocanthus spiniferus,val
Aleurocanthus spiniferus/61417.jpg,Aleurocanthus spiniferus,train
Aleurocanthus spiniferus/61418.jpg,Aleurocanthus spiniferus,train
Aleurocanthus spiniferus/61420.jpg,Aleurocanthus spiniferus,train
Aleurocanthus spiniferus/61422.jpg,Aleurocanthus spiniferus,train
Aleurocanthus spiniferus/61424.jpg,Aleurocanthus spiniferus,train
Aleurocanthus spiniferus/61427.jpg,Aleurocanthus spiniferus,val
Aleurocanthus spiniferus/61428.jpg,Aleurocanthus spiniferus,train
Aleurocanthus spiniferus/61429.jpg,Aleurocanthus spiniferus,test
Aleurocanthus spiniferus/61430.jpg,Aleurocanthus spiniferus,test
Aleurocanthus spiniferus/61431.jpg,Aleurocanthus spiniferus,train
Aleurocanthus spiniferus/61432.jpg,Aleurocanthus spiniferus,train
Aleurocanthus spiniferus/61433.jpg,Aleurocanthus spiniferus,test
Aleurocanthus spiniferus/61434.jpg,Aleurocanthus spiniferus,train
Aleurocanthus spiniferus/61435.jpg,Aleurocanthus spiniferus,train
Aleurocanthus spiniferus/61437.jpg,Aleurocanthus spiniferus,train
Aleurocanthus spiniferus/61438.jpg,Aleurocanthus spiniferus,test
Aleurocanthus spiniferus/61439.jpg,Aleurocanthus spiniferus,train
Aleurocanthus spiniferus/61440.jpg,Aleurocanthus spiniferus,train
Aleurocanthus spiniferus/61443.jpg,Aleurocanthus spiniferus,train
Aleurocanthus spiniferus/61444.jpg,Aleurocanthus spiniferus,train
Aleurocanthus spiniferus/61446.jpg,Aleurocanthus spiniferus,train
Aleurocanthus spiniferus/61447.jpg,Aleurocanthus spiniferus,train
Aleurocanthus spiniferus/61449.jpg,Aleurocanthus spiniferus,train
Aleurocanthus spiniferus/61450.jpg,Aleurocanthus spiniferus,train
Aleurocanthus spiniferus/61451.jpg,Aleurocanthus spiniferus,val
Aleurocanthus spiniferus/61452.jpg,Aleurocanthus spiniferus,train
Aleurocanthus spiniferus/61454.jpg,Aleurocanthus spiniferus,train
Aleurocanthus spiniferus/61461.jpg,Aleurocanthus spiniferus,train
Aleurocanthus spiniferus/61462.jpg,Aleurocanthus spiniferus,train
Aleurocanthus spiniferus/61464.jpg,Aleurocanthus spiniferus,train
Aleurocanthus spiniferus/61465.jpg,Aleurocanthus spiniferus,test
Aleurocanthus spiniferus/61469.jpg,Aleurocanthus spiniferus,train
Aleurocanthus spiniferus/61470.jpg,Aleurocanthus spiniferus,train
Aleurocanthus spiniferus/61471.jpg,Aleurocanthus spiniferus,val
Aleurocanthus spiniferus/61472.jpg,Aleurocanthus spiniferus,train
Aleurocanthus spiniferus/61473.jpg,Aleurocanthus spiniferus,train
Aleurocanthus spiniferus/61474.jpg,Aleurocanthus spiniferus,train
Aleurocanthus spiniferus/61476.jpg,Aleurocanthus spiniferus,train
Aleurocanthus spiniferus/61479.jpg,Aleurocanthus spiniferus,val
Aleurocanthus spiniferus/61481.jpg,Aleurocanthus spiniferus,val
Aleurocanthus spiniferus/61485.jpg,Aleurocanthus spiniferus,train
Aleurocanthus spiniferus/61486.jpg,Aleurocanthus spiniferus,train
Aleurocanthus spiniferus/61487.jpg,Aleurocanthus spiniferus,train
Aleurocanthus spiniferus/61492.jpg,Aleurocanthus spiniferus,test
Aleurocanthus spiniferus/61493.jpg,Aleurocanthus spiniferus,val
Aleurocanthus spiniferus/61494.jpg,Aleurocanthus spiniferus,train
Aleurocanthus spiniferus/61498.jpg,Aleurocanthus spiniferus,train
Aleurocanthus spiniferus/61500.jpg,Aleurocanthus spiniferus,train
Aleurocanthus spiniferus/61502.jpg,Aleurocanthus spiniferus,train
Aleurocanthus spiniferus/61503.jpg,Aleurocanthus spiniferus,train
Aleurocanthus spiniferus/61504.jpg,Aleurocanthus spiniferus,train
Aleurocanthus spiniferus/61505.jpg,Aleurocanthus spiniferus,train
Aleurocanthus spiniferus/61506.jpg,Aleurocanthus spiniferus,val
Aleurocanthus spiniferus/61511.jpg,Aleurocanthus spiniferus,test
Aleurocanthus spiniferus/61513.jpg,Aleurocanthus spiniferus,val
Aleurocanthus spiniferus/61514.jpg,Aleurocanthus spiniferus,train
Aleurocanthus spiniferus/61516.jpg,Aleurocanthus spiniferus,train
Aleurocanthus spiniferus/61517.jpg,Aleurocanthus spiniferus,train
Aleurocanthus spiniferus/61518.jpg,Aleurocanthus spiniferus,train
Aleurocanthus spiniferus/61519.jpg,Aleurocanthus spiniferus,test
Aleurocanthus spiniferus/61520.jpg,Aleurocanthus spiniferus,train
Aleurocanthus spiniferus/61522.jpg,Aleurocanthus spiniferus,val
Aleurocanthus spiniferus/61524.jpg,Aleurocanthus spiniferus,train
Aleurocanthus spiniferus/61527.jpg,Aleurocanthus spiniferus,train
Aleurocanthus spiniferus/61528.jpg,Aleurocanthus spiniferus,train
Aleurocanthus spiniferus/61533.jpg,Aleurocanthus spiniferus,train
Aleurocanthus spiniferus/61534.jpg,Aleurocanthus spiniferus,train
Aleurocanthus spiniferus/61535.jpg,Aleurocanthus spiniferus,val
Aleurocanthus spiniferus/61536.jpg,Aleurocanthus spiniferus,train
Aleurocanthus spiniferus/61537.jpg,Aleurocanthus spiniferus,train
Aleurocanthus spiniferus/61538.jpg,Aleurocanthus spiniferus,train
Aleurocanthus spiniferus/61539.jpg,Aleurocanthus spiniferus,train
Aleurocanthus spiniferus/61543.jpg,Aleurocanthus spiniferus,test
Aleurocanthus spiniferus/61544.jpg,Aleurocanthus spiniferus,train
Aleurocanthus spiniferus/61545.jpg,Aleurocanthus spiniferus,train
Aleurocanthus spiniferus/61552.jpg,Aleurocanthus spiniferus,train
Aleurocanthus spiniferus/61553.jpg,Aleurocanthus spiniferus,train
Aleurocanthus spiniferus/61554.jpg,Aleurocanthus spiniferus,train
Aleurocanthus spiniferus/61557.jpg,Aleurocanthus spiniferus,train
Aleurocanthus spiniferus/61558.jpg,Aleurocanthus spiniferus,test
Aleurocanthus spiniferus/61559.jpg,Aleurocanthus spiniferus,test
Aleurocanthus spiniferus/61561.jpg,Aleurocanthus spiniferus,train
Aleurocanthus spiniferus/61562.jpg,Aleurocanthus spiniferus,val
Aleurocanthus spiniferus/61563.jpg,Aleurocanthus spiniferus,train
Aleurocanthus spiniferus/61564.jpg,Aleurocanthus spiniferus,train
Aleurocanthus spiniferus/61566.jpg,Aleurocanthus spiniferus,test
Aleurocanthus spiniferus/61571.jpg,Aleurocanthus spiniferus,test
Aleurocanthus spiniferus/61572.jpg,Aleurocanthus spiniferus,train
Aleurocanthus spiniferus/61573.jpg,Aleurocanthus spiniferus,test
Aleurocanthus spiniferus/61575.jpg,Aleurocanthus spiniferus,test
Aleurocanthus spiniferus/61578.jpg,Aleurocanthus spiniferus,train
Aleurocanthus spiniferus/61579.jpg,Aleurocanthus spiniferus,val
Aleurocanthus spiniferus/61580.jpg,Aleurocanthus spiniferus,val
Aleurocanthus spiniferus/61586.jpg,Aleurocanthus spiniferus,train
Aleurocanthus spiniferus/61588.jpg,Aleurocanthus spiniferus,val
Aleurocanthus spiniferus/61589.jpg,Aleurocanthus spiniferus,train
Aleurocanthus spiniferus/61590.jpg,Aleurocanthus spiniferus,train
Aleurocanthus spiniferus/61591.jpg,Aleurocanthus spiniferus,val
Aleurocanthus spiniferus/61592.jpg,Aleurocanthus spiniferus,test
Aleurocanthus spiniferus/61593.jpg,Aleurocanthus spiniferus,train
Aleurocanthus spiniferus/61595.jpg,Aleurocanthus spiniferus,test
Aleurocanthus spiniferus/61598.jpg,Aleurocanthus spiniferus,test
Aleurocanthus spiniferus/61600.jpg,Aleurocanthus spiniferus,train
Aleurocanthus spiniferus/61601.jpg,Aleurocanthus spiniferus,val
Aleurocanthus spiniferus/61603.jpg,Aleurocanthus spiniferus,train
Aleurocanthus spiniferus/61605.jpg,Aleurocanthus spiniferus,test
Aleurocanthus spiniferus/61606.jpg,Aleurocanthus spiniferus,val
Aleurocanthus spiniferus/61609.jpg,Aleurocanthus spiniferus,train
Aleurocanthus spiniferus/61610.jpg,Aleurocanthus spiniferus,train
Aleurocanthus spiniferus/61611.jpg,Aleurocanthus spiniferus,train
Aleurocanthus spiniferus/61612.jpg,Aleurocanthus spiniferus,test
Aleurocanthus spiniferus/61613.jpg,Aleurocanthus spiniferus,val
Aleurocanthus spiniferus/61614.jpg,Aleurocanthus spiniferus,train
Aleurocanthus spiniferus/61617.jpg,Aleurocanthus spiniferus,train
Aleurocanthus spiniferus/61618.jpg,Aleurocanthus spiniferus,train
Aleurocanthus spiniferus/61619.jpg,Aleurocanthus spiniferus,train
Aleurocanthus spiniferus/61620.jpg,Aleurocanthus spiniferus,train
Aleurocanthus spiniferus/61621.jpg,Aleurocanthus spiniferus,train
Aleurocanthus spiniferus/61622.jpg,Aleurocanthus spiniferus,train
Aleurocanthus spiniferus/61623.jpg,Aleurocanthus spiniferus,val
Aleurocanthus spiniferus/61625.jpg,Aleurocanthus spiniferus,test
Aleurocanthus spiniferus/61626.jpg,Aleurocanthus spiniferus,train
Aleurocanthus spiniferus/61628.jpg,Aleurocanthus spiniferus,train
Aleurocanthus spiniferus/61629.jpg,Aleurocanthus spiniferus,val
Aleurocanthus spiniferus/61632.jpg,Aleurocanthus spiniferus,test
Aleurocanthus spiniferus/61633.jpg,Aleurocanthus spiniferus,val
Aleurocanthus spiniferus/61634.jpg,Aleurocanthus spiniferus,test
Aleurocanthus spiniferus/61635.jpg,Aleurocanthus spiniferus,train
Aleurocanthus spiniferus/61636.jpg,Aleurocanthus spiniferus,train
Aleurocanthus spiniferus/61637.jpg,Aleurocanthus spiniferus,train
Aleurocanthus spiniferus/61638.jpg,Aleurocanthus spiniferus,train
Aleurocanthus spiniferus/61640.jpg,Aleurocanthus spiniferus,train
Aleurocanthus spiniferus/61642.jpg,Aleurocanthus spiniferus,test
Aleurocanthus spiniferus/61644.jpg,Aleurocanthus spiniferus,train
Aleurocanthus spiniferus/61645.jpg,Aleurocanthus spiniferus,train
Aleurocanthus spiniferus/61646.jpg,Aleurocanthus spiniferus,train
Aleurocanthus spiniferus/61647.jpg,Aleurocanthus spiniferus,train
Aleurocanthus spiniferus/61652.jpg,Aleurocanthus spiniferus,train
Aleurocanthus spiniferus/61654.jpg,Aleurocanthus spiniferus,val
Aleurocanthus spiniferus/61655.jpg,Aleurocanthus spiniferus,train
Aleurocanthus spiniferus/61657.jpg,Aleurocanthus spiniferus,train
Aleurocanthus spiniferus/61658.jpg,Aleurocanthus spiniferus,train
Aleurocanthus spiniferus/61659.jpg,Aleurocanthus spiniferus,train
Aleurocanthus spiniferus/61660.jpg,Aleurocanthus spiniferus,train
Aleurocanthus spiniferus/61661.jpg,Aleurocanthus spiniferus,train
Aleurocanthus spiniferus/61662.jpg,Aleurocanthus spiniferus,train
Aleurocanthus spiniferus/61663.jpg,Aleurocanthus spiniferus,val
Aleurocanthus spiniferus/61664.jpg,Aleurocanthus spiniferus,train
Aleurocanthus spiniferus/61666.jpg,Aleurocanthus spiniferus,train
Aleurocanthus spiniferus/61667.jpg,Aleurocanthus spiniferus,train
Aleurocanthus spiniferus/61668.jpg,Aleurocanthus spiniferus,train
Aleurocanthus spiniferus/61671.jpg,Aleurocanthus spiniferus,test
Aleurocanthus spiniferus/61672.jpg,Aleurocanthus spiniferus,train
Aleurocanthus spiniferus/61674.jpg,Aleurocanthus spiniferus,train
Aleurocanthus spiniferus/61675.jpg,Aleurocanthus spiniferus,test
Aleurocanthus spiniferus/61676.jpg,Aleurocanthus spiniferus,train
Aleurocanthus spiniferus/61677.jpg,Aleurocanthus spiniferus,test
Aleurocanthus spiniferus/61678.jpg,Aleurocanthus spiniferus,train
Aleurocanthus spiniferus/61682.jpg,Aleurocanthus spiniferus,train
Aleurocanthus spiniferus/61686.jpg,Aleurocanthus spiniferus,val
Aleurocanthus spiniferus/61689.jpg,Aleurocanthus spiniferus,train
Aleurocanthus spiniferus/61690.jpg,Aleurocanthus spiniferus,test
Aleurocanthus spiniferus/61691.jpg,Aleurocanthus spiniferus,train
Aleurocanthus spiniferus/61692.jpg,Aleurocanthus spiniferus,train
Aleurocanthus spiniferus/61693.jpg,Aleurocanthus spiniferus,train
Aleurocanthus spiniferus/61694.jpg,Aleurocanthus spiniferus,train
Aleurocanthus spiniferus/61697.jpg,Aleurocanthus spiniferus,train
Aleurocanthus spiniferus/61698.jpg,Aleurocanthus spiniferus,train
Aleurocanthus spiniferus/61699.jpg,Aleurocanthus spiniferus,train
Aleurocanthus spiniferus/61702.jpg,Aleurocanthus spiniferus,train
Aleurocanthus spiniferus/61703.jpg,Aleurocanthus spiniferus,val
Ampelophaga/43864.jpg,Ampelophaga,test
Ampelophaga/43866.jpg,Ampelophaga,train
Ampelophaga/43867.jpg,Ampelophaga,train
Ampelophaga/43868.jpg,Ampelophaga,train
Ampelophaga/43870.jpg,Ampelophaga,train
Ampelophaga/43871.jpg,Ampelophaga,val
Ampelophaga/43872.jpg,Ampelophaga,test
Ampelophaga/43873.jpg,Ampelophaga,train
Ampelophaga/43874.jpg,Ampelophaga,val
Ampelophaga/43876.jpg,Ampelophaga,train
Ampelophaga/43877.jpg,Ampelophaga,train
Ampelophaga/43879.jpg,Ampelophaga,train
Ampelophaga/43882.jpg,Ampelophaga,train
Ampelophaga/43883.jpg,Ampelophaga,test
Ampelophaga/43886.jpg,Ampelophaga,test
Ampelophaga/43888.jpg,Ampelophaga,train
Ampelophaga/43890.jpg,Ampelophaga,test
Ampelophaga/43893.jpg,Ampelophaga,val
Ampelophaga/43894.jpg,Ampelophaga,test
Ampelophaga/43897.jpg,Ampelophaga,train
Ampelophaga/43903.jpg,Ampelophaga,val
Ampelophaga/43904.jpg,Ampelophaga,train
Ampelophaga/43905.jpg,Ampelophaga,train
Ampelophaga/43906.jpg,Ampelophaga,train
Ampelophaga/43907.jpg,Ampelophaga,train
Ampelophaga/43909.jpg,Ampelophaga,test
Ampelophaga/43912.jpg,Ampelophaga,train
Ampelophaga/43913.jpg,Ampelophaga,train
Ampelophaga/43917.jpg,Ampelophaga,train
Ampelophaga/43920.jpg,Ampelophaga,train
Ampelophaga/43921.jpg,Ampelophaga,train
Ampelophaga/43923.jpg,Ampelophaga,train
Ampelophaga/43925.jpg,Ampelophaga,train
Ampelophaga/43927.jpg,Ampelophaga,train
Ampelophaga/43928.jpg,Ampelophaga,val
Ampelophaga/43929.jpg,Ampelophaga,test
Ampelophaga/43930.jpg,Ampelophaga,train
Ampelophaga/43931.jpg,Ampelophaga,train
Ampelophaga/43935.jpg,Ampelophaga,train
Ampelophaga/43937.jpg,Ampelophaga,train
Ampelophaga/43938.jpg,Ampelophaga,train
Ampelophaga/43939.jpg,Ampelophaga,train
Ampelophaga/43940.jpg,Ampelophaga,train
Ampelophaga/43941.jpg,Ampelophaga,train
Ampelophaga/43942.jpg,Ampelophaga,train
Ampelophaga/43946.jpg,Ampelophaga,train
Ampelophaga/43947.jpg,Ampelophaga,train
Ampelophaga/43950.jpg,Ampelophaga,train
Ampelophaga/43953.jpg,Ampelophaga,val
Ampelophaga/43955.jpg,Ampelophaga,train
Ampelophaga/43956.jpg,Ampelophaga,train
Ampelophaga/43957.jpg,Ampelophaga,train
Ampelophaga/43958.jpg,Ampelophaga,train
Ampelophaga/43959.jpg,Ampelophaga,val
Ampelophaga/43960.jpg,Ampelophaga,val
Ampelophaga/43963.jpg,Ampelophaga,val
Ampelophaga/43964.jpg,Ampelophaga,test
Ampelophaga/43967.jpg,Ampelophaga,val
Ampelophaga/43968.jpg,Ampelophaga,val
Ampelophaga/43969.jpg,Ampelophaga,train
Ampelophaga/43973.jpg,Ampelophaga,train
Ampelophaga/43975.jpg,Ampelophaga,train
Ampelophaga/43976.jpg,Ampelophaga,train
Ampelophaga/43979.jpg,Ampelophaga,train
Ampelophaga/43980.jpg,Ampelophaga,train
Ampelophaga/43983.jpg,Ampelophaga,train
Ampelophaga/43984.jpg,Ampelophaga,train
Ampelophaga/43986.jpg,Ampelophaga,val
Ampelophaga/43991.jpg,Ampelophaga,train
Ampelophaga/43994.jpg,Ampelophaga,train
Ampelophaga/43995.jpg,Ampelophaga,train
Ampelophaga/43998.jpg,Ampelophaga,val
Ampelophaga/44000.jpg,Ampelophaga,train
Ampelophaga/44002.jpg,Ampelophaga,train
Ampelophaga/44004.jpg,Ampelophaga,val
Ampelophaga/44006.jpg,Ampelophaga,train
Ampelophaga/44007.jpg,Ampelophaga,train
Ampelophaga/44008.jpg,Ampelophaga,train
Ampelophaga/44010.jpg,Ampelophaga,train
Ampelophaga/44011.jpg,Ampelophaga,train
Ampelophaga/44013.jpg,Ampelophaga,train
Ampelophaga/44014.jpg,Ampelophaga,train
Ampelophaga/44016.jpg,Ampelophaga,train
Ampelophaga/44019.jpg,Ampelophaga,test
Ampelophaga/44023.jpg,Ampelophaga,train
Ampelophaga/44025.jpg,Ampelophaga,train
Ampelophaga/44026.jpg,Ampelophaga,val
Ampelophaga/44031.jpg,Ampelophaga,train
Ampelophaga/44032.jpg,Ampelophaga,train
Ampelophaga/44033.jpg,Ampelophaga,train
Ampelophaga/44035.jpg,Ampelophaga,test
Ampelophaga/44038.jpg,Ampelophaga,train
Ampelophaga/44040.jpg,Ampelophaga,train
Ampelophaga/44043.jpg,Ampelophaga,train
Ampelophaga/44045.jpg,Ampelophaga,test
Ampelophaga/44047.jpg,Ampelophaga,test
Ampelophaga/44051.jpg,Ampelophaga,train
Ampelophaga/44052.jpg,Ampelophaga,train
Ampelophaga/44053.jpg,Ampelophaga,val
Ampelophaga/44057.jpg,Ampelophaga,train
Ampelophaga/44058.jpg,Ampelophaga,train
Ampelophaga/44059.jpg,Ampelophaga,train
Ampelophaga/44060.jpg,Ampelophaga,val
Ampelophaga/44064.jpg,Ampelophaga,train
Ampelophaga/44065.jpg,Ampelophaga,train
Ampelophaga/44066.jpg,Ampelophaga,train
Ampelophaga/44074.jpg,Ampelophaga,train
Ampelophaga/44077.jpg,Ampelophaga,train
Ampelophaga/44079.jpg,Ampelophaga,train
Ampelophaga/44082.jpg,Ampelophaga,val
Ampelophaga/44083.jpg,Ampelophaga,train
Ampelophaga/44086.jpg,Ampelophaga,train
Ampelophaga/44087.jpg,Ampelophaga,val
Ampelophaga/44088.jpg,Ampelophaga,test
Ampelophaga/44089.jpg,Ampelophaga,train
Ampelophaga/44090.jpg,Ampelophaga,train
Ampelophaga/44091.jpg,Ampelophaga,val
Ampelophaga/44092.jpg,Ampelophaga,val
Ampelophaga/44093.jpg,Ampelophaga,test
Ampelophaga/44095.jpg,Ampelophaga,train
Ampelophaga/44096.jpg,Ampelophaga,test
Ampelophaga/44098.jpg,Ampelophaga,train
Ampelophaga/44099.jpg,Ampelophaga,train
Ampelophaga/44102.jpg,Ampelophaga,train
Ampelophaga/44105.jpg,Ampelophaga,train
Ampelophaga/44106.jpg,Ampelophaga,val
Ampelophaga/44107.jpg,Ampelophaga,train
Ampelophaga/44112.jpg,Ampelophaga,train
Ampelophaga/44114.jpg,Ampelophaga,train
Ampelophaga/44116.jpg,Ampelophaga,train
Ampelophaga/44117.jpg,Ampelophaga,train
Ampelophaga/44120.jpg,Ampelophaga,val
Ampelophaga/44121.jpg,Ampelophaga,train
Ampelophaga/44123.jpg,Ampelophaga,train
Ampelophaga/44124.jpg,Ampelophaga,test
Ampelophaga/44125.jpg,Ampelophaga,test
Ampelophaga/44127.jpg,Ampelophaga,train
Ampelophaga/44128.jpg,Ampelophaga,train
Ampelophaga/44129.jpg,Ampelophaga,val
Ampelophaga/44132.jpg,Ampelophaga,train
Ampelophaga/44133.jpg,Ampelophaga,train
Ampelophaga/44134.jpg,Ampelophaga,test
Ampelophaga/44136.jpg,Ampelophaga,train
Ampelophaga/44138.jpg,Ampelophaga,train
Ampelophaga/44141.jpg,Ampelophaga,test
Ampelophaga/44142.jpg,Ampelophaga,train
Ampelophaga/44143.jpg,Ampelophaga,test
Ampelophaga/44144.jpg,Ampelophaga,train
Ampelophaga/44145.jpg,Ampelophaga,train
Ampelophaga/44146.jpg,Ampelophaga,train
Ampelophaga/44151.jpg,Ampelophaga,train
Ampelophaga/44153.jpg,Ampelophaga,train
Ampelophaga/44154.jpg,Ampelophaga,test
Ampelophaga/44155.jpg,Ampelophaga,train
Ampelophaga/44157.jpg,Ampelophaga,train
Ampelophaga/44159.jpg,Ampelophaga,train
Ampelophaga/44162.jpg,Ampelophaga,train
Ampelophaga/44164.jpg,Ampelophaga,test
Ampelophaga/44165.jpg,Ampelophaga,train
Ampelophaga/44166.jpg,Ampelophaga,val
Ampelophaga/44167.jpg,Ampelophaga,test
Ampelophaga/44168.jpg,Ampelophaga,train
Ampelophaga/44169.jpg,Ampelophaga,train
Ampelophaga/44171.jpg,Ampelophaga,train
Ampelophaga/44172.jpg,Ampelophaga,train
Ampelophaga/44173.jpg,Ampelophaga,train
Ampelophaga/44175.jpg,Ampelophaga,val
Ampelophaga/44176.jpg,Ampelophaga,train
Ampelophaga/44178.jpg,Ampelophaga,train
Ampelophaga/44179.jpg,Ampelophaga,val
Ampelophaga/44183.jpg,Ampelophaga,train
Ampelophaga/44184.jpg,Ampelophaga,train
Ampelophaga/44185.jpg,Ampelophaga,train
Ampelophaga/44186.jpg,Ampelophaga,val
Ampelophaga/44188.jpg,Ampelophaga,val
Ampelophaga/44189.jpg,Ampelophaga,val
Ampelophaga/44192.jpg,Ampelophaga,train
Ampelophaga/44194.jpg,Ampelophaga,train
Ampelophaga/44195.jpg,Ampelophaga,train
Ampelophaga/44196.jpg,Ampelophaga,test
Ampelophaga/44197.jpg,Ampelophaga,train
Ampelophaga/44198.jpg,Ampelophaga,train
Ampelophaga/44199.jpg,Ampelophaga,train
Ampelophaga/44201.jpg,Ampelophaga,val
Ampelophaga/44203.jpg,Ampelophaga,train
Ampelophaga/44204.jpg,Ampelophaga,train
Ampelophaga/44207.jpg,Ampelophaga,train
Ampelophaga/44208.jpg,Ampelophaga,train
Ampelophaga/44213.jpg,Ampelophaga,val
Ampelophaga/44215.jpg,Ampelophaga,train
Ampelophaga/44216.jpg,Ampelophaga,train
Ampelophaga/44217.jpg,Ampelophaga,train
Ampelophaga/44220.jpg,Ampelophaga,train
Ampelophaga/44221.jpg,Ampelophaga,train
Ampelophaga/44223.jpg,Ampelophaga,train
Ampelophaga/44224.jpg,Ampelophaga,train
Ampelophaga/44225.jpg,Ampelophaga,train
Ampelophaga/44226.jpg,Ampelophaga,train
Ampelophaga/44228.jpg,Ampelophaga,train
Ampelophaga/44229.jpg,Ampelophaga,val
Ampelophaga/44233.jpg,Ampelophaga,train
Ampelophaga/44234.jpg,Ampelophaga,test
Ampelophaga/44235.jpg,Ampelophaga,test
Ampelophaga/44236.jpg,Ampelophaga,train
Ampelophaga/44238.jpg,Ampelophaga,train
Ampelophaga/44239.jpg,Ampelophaga,train
Ampelophaga/44240.jpg,Ampelophaga,test
Ampelophaga/44243.jpg,Ampelophaga,train
Ampelophaga/44244.jpg,Ampelophaga,train
Ampelophaga/44246.jpg,Ampelophaga,train
Ampelophaga/44247.jpg,Ampelophaga,val
Ampelophaga/44248.jpg,Ampelophaga,train
Ampelophaga/44251.jpg,Ampelophaga,train
Ampelophaga/44252.jpg,Ampelophaga,test
Ampelophaga/44258.jpg,Ampelophaga,train
Ampelophaga/44259.jpg,Ampelophaga,train
Ampelophaga/44261.jpg,Ampelophaga,train
Ampelophaga/44262.jpg,Ampelophaga,train
Ampelophaga/44263.jpg,Ampelophaga,train
Ampelophaga/44264.jpg,Ampelophaga,train
Ampelophaga/44267.jpg,Ampelophaga,train
Ampelophaga/44269.jpg,Ampelophaga,train
Ampelophaga/44270.jpg,Ampelophaga,test
Ampelophaga/44275.jpg,Ampelophaga,val
Ampelophaga/44276.jpg,Ampelophaga,test
Ampelophaga/44277.jpg,Ampelophaga,train
Ampelophaga/44278.jpg,Ampelophaga,val
Ampelophaga/44281.jpg,Ampelophaga,val
Ampelophaga/44282.jpg,Ampelophaga,train
Ampelophaga/44283.jpg,Ampelophaga,train
Ampelophaga/44284.jpg,Ampelophaga,train
Ampelophaga/44285.jpg,Ampelophaga,train
Ampelophaga/44286.jpg,Ampelophaga,train
Ampelophaga/44288.jpg,Ampelophaga,test
Ampelophaga/44289.jpg,Ampelophaga,val
Ampelophaga/44290.jpg,Ampelophaga,train
Ampelophaga/44291.jpg,Ampelophaga,test
Ampelophaga/44293.jpg,Ampelophaga,train
Ampelophaga/44295.jpg,Ampelophaga,test
Ampelophaga/44299.jpg,Ampelophaga,train
Ampelophaga/44300.jpg,Ampelophaga,train
Ampelophaga/44303.jpg,Ampelophaga,test
Ampelophaga/44304.jpg,Ampelophaga,train
Ampelophaga/44305.jpg,Ampelophaga,train
Ampelophaga/44306.jpg,Ampelophaga,test
Ampelophaga/44307.jpg,Ampelophaga,test
Ampelophaga/44308.jpg,Ampelophaga,train
Ampelophaga/44309.jpg,Ampelophaga,test
Ampelophaga/44312.jpg,Ampelophaga,train
Ampelophaga/44313.jpg,Ampelophaga,train
Ampelophaga/44314.jpg,Ampelophaga,val
Ampelophaga/44315.jpg,Ampelophaga,train
Ampelophaga/44316.jpg,Ampelophaga,train
Ampelophaga/44318.jpg,Ampelophaga,train
Ampelophaga/44320.jpg,Ampelophaga,val
Ampelophaga/44321.jpg,Ampelophaga,train
Ampelophaga/44322.jpg,Ampelophaga,val
Ampelophaga/44323.jpg,Ampelophaga,train
Ampelophaga/44324.jpg,Ampelophaga,test
Ampelophaga/44325.jpg,Ampelophaga,train
Ampelophaga/44326.jpg,Ampelophaga,train
Ampelophaga/44329.jpg,Ampelophaga,train
Ampelophaga/44330.jpg,Ampelophaga,train
Ampelophaga/44332.jpg,Ampelophaga,train
Ampelophaga/44333.jpg,Ampelophaga,val
Ampelophaga/44334.jpg,Ampelophaga,train
Ampelophaga/44335.jpg,Ampelophaga,test
Ampelophaga/44338.jpg,Ampelophaga,val
Ampelophaga/44341.jpg,Ampelophaga,test
Ampelophaga/44347.jpg,Ampelophaga,test
Ampelophaga/44349.jpg,Ampelophaga,train
Ampelophaga/44351.jpg,Ampelophaga,train
Ampelophaga/44352.jpg,Ampelophaga,test
Ampelophaga/44353.jpg,Ampelophaga,train
Ampelophaga/44354.jpg,Ampelophaga,test
Ampelophaga/44355.jpg,Ampelophaga,val
Ampelophaga/44356.jpg,Ampelophaga,test
Ampelophaga/44358.jpg,Ampelophaga,test
Ampelophaga/44359.jpg,Ampelophaga,train
Ampelophaga/44360.jpg,Ampelophaga,train
Ampelophaga/44364.jpg,Ampelophaga,train
Ampelophaga/44366.jpg,Ampelophaga,train
Ampelophaga/44367.jpg,Ampelophaga,test
Ampelophaga/44369.jpg,Ampelophaga,test
Ampelophaga/44370.jpg,Ampelophaga,train
Ampelophaga/44371.jpg,Ampelophaga,train
Ampelophaga/44374.jpg,Ampelophaga,val
Ampelophaga/44377.jpg,Ampelophaga,val
Ampelophaga/44381.jpg,Ampelophaga,train
Ampelophaga/44383.jpg,Ampelophaga,train
Ampelophaga/44384.jpg,Ampelophaga,test
Ampelophaga/44386.jpg,Ampelophaga,val
Ampelophaga/44389.jpg,Ampelophaga,train
Ampelophaga/44390.jpg,Ampelophaga,train
Ampelophaga/44391.jpg,Ampelophaga,test
Ampelophaga/44392.jpg,Ampelophaga,train
Ampelophaga/44393.jpg,Ampelophaga,test
Ampelophaga/44394.jpg,Ampelophaga,test
Ampelophaga/44395.jpg,Ampelophaga,val
Ampelophaga/44396.jpg,Ampelophaga,train
Ampelophaga/44397.jpg,Ampelophaga,train
Ampelophaga/44398.jpg,Ampelophaga,train
Ampelophaga/44399.jpg,Ampelophaga,test
Ampelophaga/44400.jpg,Ampelophaga,train
Ampelophaga/44401.jpg,Ampelophaga,train
Ampelophaga/44402.jpg,Ampelophaga,test
Ampelophaga/44403.jpg,Ampelophaga,train
Ampelophaga/44404.jpg,Ampelophaga,train
Ampelophaga/44406.jpg,Ampelophaga,train
Ampelophaga/44407.jpg,Ampelophaga,train
Ampelophaga/44408.jpg,Ampelophaga,train
Ampelophaga/44410.jpg,Ampelophaga,train
Ampelophaga/44411.jpg,Ampelophaga,train
Ampelophaga/44414.jpg,Ampelophaga,train
Ampelophaga/44416.jpg,Ampelophaga,train
Ampelophaga/44417.jpg,Ampelophaga,val
Ampelophaga/44418.jpg,Ampelophaga,test
Ampelophaga/44419.jpg,Ampelophaga,train
Ampelophaga/44421.jpg,Ampelophaga,val
Ampelophaga/44422.jpg,Ampelophaga,train
Ampelophaga/44424.jpg,Ampelophaga,test
Ampelophaga/44425.jpg,Ampelophaga,val
Ampelophaga/44426.jpg,Ampelophaga,val
Ampelophaga/44427.jpg,Ampelophaga,train
Ampelophaga/44428.jpg,Ampelophaga,train
Ampelophaga/44430.jpg,Ampelophaga,test
Ampelophaga/44431.jpg,Ampelophaga,test
Ampelophaga/44432.jpg,Ampelophaga,test
Ampelophaga/44433.jpg,Ampelophaga,train
Ampelophaga/44434.jpg,Ampelophaga,train
Ampelophaga/44436.jpg,Ampelophaga,train
Ampelophaga/44439.jpg,Ampelophaga,val
Ampelophaga/44440.jpg,Ampelophaga,train
Ampelophaga/44441.jpg,Ampelophaga,val
Ampelophaga/44442.jpg,Ampelophaga,train
Ampelophaga/44443.jpg,Ampelophaga,train
Ampelophaga/44445.jpg,Ampelophaga,train
Ampelophaga/44448.jpg,Ampelophaga,train
Ampelophaga/44450.jpg,Ampelophaga,train
Ampelophaga/44451.jpg,Ampelophaga,train
Ampelophaga/44452.jpg,Ampelophaga,train
Ampelophaga/44453.jpg,Ampelophaga,train
Ampelophaga/44454.jpg,Ampelophaga,train
Ampelophaga/44456.jpg,Ampelophaga,test
Ampelophaga/44457.jpg,Ampelophaga,test
Ampelophaga/44458.jpg,Ampelophaga,train
Ampelophaga/44459.jpg,Ampelophaga,train
Ampelophaga/44460.jpg,Ampelophaga,train
Ampelophaga/44461.jpg,Ampelophaga,test
Ampelophaga/44462.jpg,Ampelophaga,val
Ampelophaga/44463.jpg,Ampelophaga,train
Ampelophaga/44464.jpg,Ampelophaga,train
Ampelophaga/44468.jpg,Ampelophaga,train
Ampelophaga/44469.jpg,Ampelophaga,val
Ampelophaga/44470.jpg,Ampelophaga,train
Ampelophaga/44471.jpg,Ampelophaga,train
Ampelophaga/44472.jpg,Ampelophaga,train
Ampelophaga/44473.jpg,Ampelophaga,train
Ampelophaga/44475.jpg,Ampelophaga,val
Ampelophaga/44476.jpg,Ampelophaga,train
Ampelophaga/44477.jpg,Ampelophaga,train
Ampelophaga/44478.jpg,Ampelophaga,train
Ampelophaga/44479.jpg,Ampelophaga,train
Ampelophaga/44480.jpg,Ampelophaga,train
Ampelophaga/44482.jpg,Ampelophaga,train
Ampelophaga/44484.jpg,Ampelophaga,val
Ampelophaga/44485.jpg,Ampelophaga,train
Ampelophaga/44487.jpg,Ampelophaga,train
Ampelophaga/44488.jpg,Ampelophaga,train
Ampelophaga/44491.jpg,Ampelophaga,train
Ampelophaga/44492.jpg,Ampelophaga,train
Ampelophaga/44493.jpg,Ampelophaga,train
Ampelophaga/44494.jpg,Ampelophaga,train
Ampelophaga/44495.jpg,Ampelophaga,test
Ampelophaga/44496.jpg,Ampelophaga,test
Ampelophaga/44501.jpg,Ampelophaga,test
Ampelophaga/44502.jpg,Ampelophaga,train
Ampelophaga/44503.jpg,Ampelophaga,train
Ampelophaga/44504.jpg,Ampelophaga,val
Ampelophaga/44507.jpg,Ampelophaga,train
Ampelophaga/44509.jpg,Ampelophaga,val
Ampelophaga/44510.jpg,Ampelophaga,train
Ampelophaga/44512.jpg,Ampelophaga,train
Ampelophaga/44514.jpg,Ampelophaga,train
Ampelophaga/44515.jpg,Ampelophaga,train
Ampelophaga/44517.jpg,Ampelophaga,val
Ampelophaga/44518.jpg,Ampelophaga,train
Ampelophaga/44520.jpg,Ampelophaga,train
Ampelophaga/44522.jpg,Ampelophaga,train
Ampelophaga/44523.jpg,Ampelophaga,train
Ampelophaga/44524.jpg,Ampelophaga,train
Ampelophaga/44525.jpg,Ampelophaga,train
Ampelophaga/44530.jpg,Ampelophaga,test
Ampelophaga/44531.jpg,Ampelophaga,train
Ampelophaga/44532.jpg,Ampelophaga,train
Ampelophaga/44533.jpg,Ampelophaga,train
Ampelophaga/44534.jpg,Ampelophaga,val
Ampelophaga/44536.jpg,Ampelophaga,train
Ampelophaga/44538.jpg,Ampelophaga,test
Ampelophaga/44539.jpg,Ampelophaga,train
Ampelophaga/44542.jpg,Ampelophaga,train
Ampelophaga/44543.jpg,Ampelophaga,train
Ampelophaga/44544.jpg,Ampelophaga,train
Ampelophaga/44546.jpg,Ampelophaga,train
Ampelophaga/44547.jpg,Ampelophaga,train
Ampelophaga/44548.jpg,Ampelophaga,train
Ampelophaga/44549.jpg,Ampelophaga,train
Ampelophaga/44550.jpg,Ampelophaga,train
Ampelophaga/44553.jpg,Ampelophaga,train
Ampelophaga/44555.jpg,Ampelophaga,train
Ampelophaga/44556.jpg,Ampelophaga,train
Ampelophaga/44558.jpg,Ampelophaga,train
Ampelophaga/44559.jpg,Ampelophaga,train
Ampelophaga/44560.jpg,Ampelophaga,train
Ampelophaga/44561.jpg,Ampelophaga,train
Ampelophaga/44562.jpg,Ampelophaga,train
Ampelophaga/44563.jpg,Ampelophaga,train
Ampelophaga/44564.jpg,Ampelophaga,train
Ampelophaga/44567.jpg,Ampelophaga,train
Ampelophaga/44568.jpg,Ampelophaga,train
Ampelophaga/44571.jpg,Ampelophaga,train
Ampelophaga/44572.jpg,Ampelophaga,val
Ampelophaga/44573.jpg,Ampelophaga,train
Ampelophaga/44576.jpg,Ampelophaga,train
Ampelophaga/44577.jpg,Ampelophaga,train
Ampelophaga/44578.jpg,Ampelophaga,val
Ampelophaga/44579.jpg,Ampelophaga,train
Ampelophaga/44582.jpg,Ampelophaga,train
Ampelophaga/44583.jpg,Ampelophaga,train
Ampelophaga/44585.jpg,Ampelophaga,train
Ampelophaga/44586.jpg,Ampelophaga,train
Ampelophaga/44587.jpg,Ampelophaga,train
Ampelophaga/44589.jpg,Ampelophaga,val
Ampelophaga/44591.jpg,Ampelophaga,train
Ampelophaga/44592.jpg,Ampelophaga,val
Ampelophaga/44593.jpg,Ampelophaga,train
Ampelophaga/44594.jpg,Ampelophaga,train
Ampelophaga/44595.jpg,Ampelophaga,train
Ampelophaga/44596.jpg,Ampelophaga,train
Ampelophaga/44598.jpg,Ampelophaga,val
Ampelophaga/44599.jpg,Ampelophaga,train
Ampelophaga/44600.jpg,Ampelophaga,train
Ampelophaga/44601.jpg,Ampelophaga,train
Ampelophaga/44603.jpg,Ampelophaga,train
Ampelophaga/44604.jpg,Ampelophaga,train
Ampelophaga/44607.jpg,Ampelophaga,train
Ampelophaga/44608.jpg,Ampelophaga,train
Ampelophaga/44609.jpg,Ampelophaga,val
Ampelophaga/44610.jpg,Ampelophaga,train
Ampelophaga/44611.jpg,Ampelophaga,train
Ampelophaga/44612.jpg,Ampelophaga,test
Ampelophaga/44615.jpg,Ampelophaga,test
Ampelophaga/44616.jpg,Ampelophaga,train
Ampelophaga/44618.jpg,Ampelophaga,train
Ampelophaga/44619.jpg,Ampelophaga,train
Ampelophaga/44620.jpg,Ampelophaga,train
Ampelophaga/44624.jpg,Ampelophaga,val
Ampelophaga/44627.jpg,Ampelophaga,train
Aphis citricola Vander Goot/65133.jpg,Aphis citricola Vander Goot,train
Aphis citricola Vander Goot/65134.jpg,Aphis citricola Vander Goot,train
Aphis citricola Vander Goot/65135.jpg,Aphis citricola Vander Goot,train
Aphis citricola Vander Goot/65136.jpg,Aphis citricola Vander Goot,test
Aphis citricola Vander Goot/65137.jpg,Aphis citricola Vander Goot,train
Aphis citricola Vander Goot/65138.jpg,Aphis citricola Vander Goot,train
Aphis citricola Vander Goot/65139.jpg,Aphis citricola Vander Goot,train
Aphis citricola Vander Goot/65141.jpg,Aphis citricola Vander Goot,test
Aphis citricola Vander Goot/65142.jpg,Aphis citricola Vander Goot,train
Aphis citricola Vander Goot/65144.jpg,Aphis citricola Vander Goot,test
Aphis citricola Vander Goot/65146.jpg,Aphis citricola Vander Goot,val
Aphis citricola Vander Goot/65148.jpg,Aphis citricola Vander Goot,train
Aphis citricola Vander Goot/65152.jpg,Aphis citricola Vander Goot,train
Aphis citricola Vander Goot/65154.jpg,Aphis citricola Vander Goot,test
Aphis citricola Vander Goot/65155.jpg,Aphis citricola Vander Goot,train
Aphis citricola Vander Goot/65156.jpg,Aphis citricola Vander Goot,train
Aphis citricola Vander Goot/65157.jpg,Aphis citricola Vander Goot,train
Aphis citricola Vander Goot/65158.jpg,Aphis citricola Vander Goot,train
Aphis citricola Vander Goot/65159.jpg,Aphis citricola Vander Goot,val
Aphis citricola Vander Goot/65160.jpg,Aphis citricola Vander Goot,val
Aphis citricola Vander Goot/65161.jpg,Aphis citricola Vander Goot,train
Aphis citricola Vander Goot/65162.jpg,Aphis citricola Vander Goot,train
Aphis citricola Vander Goot/65163.jpg,Aphis citricola Vander Goot,test
Aphis citricola Vander Goot/65164.jpg,Aphis citricola Vander Goot,train
Aphis citricola Vander Goot/65166.jpg,Aphis citricola Vander Goot,val
Aphis citricola Vander Goot/65169.jpg,Aphis citricola Vander Goot,train
Aphis citricola Vander Goot/65170.jpg,Aphis citricola Vander Goot,train
Aphis citricola Vander Goot/65171.jpg,Aphis citricola Vander Goot,train
Aphis citricola Vander Goot/65172.jpg,Aphis citricola Vander Goot,train
Aphis citricola Vander Goot/65174.jpg,Aphis citricola Vander Goot,val
Aphis citricola Vander Goot/65175.jpg,Aphis citricola Vander Goot,train
Aphis citricola Vander Goot/65181.jpg,Aphis citricola Vander Goot,train
Aphis citricola Vander Goot/65182.jpg,Aphis citricola Vander Goot,train
Aphis citricola Vander Goot/65186.jpg,Aphis citricola Vander Goot,test
Aphis citricola Vander Goot/65187.jpg,Aphis citricola Vander Goot,train
Aphis citricola Vander Goot/65188.jpg,Aphis citricola Vander Goot,train
Aphis citricola Vander Goot/65189.jpg,Aphis citricola Vander Goot,train
Aphis citricola Vander Goot/65190.jpg,Aphis citricola Vander Goot,train
Aphis citricola Vander Goot/65191.jpg,Aphis citricola Vander Goot,train
Aphis citricola Vander Goot/65193.jpg,Aphis citricola Vander Goot,train
Aphis citricola Vander Goot/65196.jpg,Aphis citricola Vander Goot,train
Aphis citricola Vander Goot/65197.jpg,Aphis citricola Vander Goot,test
Aphis citricola Vander Goot/65198.jpg,Aphis citricola Vander Goot,train
Aphis citricola Vander Goot/65200.jpg,Aphis citricola Vander Goot,test
Aphis citricola Vander Goot/65201.jpg,Aphis citricola Vander Goot,train
Aphis citricola Vander Goot/65202.jpg,Aphis citricola Vander Goot,val
Aphis citricola Vander Goot/65205.jpg,Aphis citricola Vander Goot,train
Aphis citricola Vander Goot/65206.jpg,Aphis citricola Vander Goot,train
Aphis citricola Vander Goot/65208.jpg,Aphis citricola Vander Goot,val
Aphis citricola Vander Goot/65211.jpg,Aphis citricola Vander Goot,train
Aphis citricola Vander Goot/65216.jpg,Aphis citricola Vander Goot,train
Aphis citricola Vander Goot/65217.jpg,Aphis citricola Vander Goot,val
Aphis citricola Vander Goot/65218.jpg,Aphis citricola Vander Goot,val
Aphis citricola Vander Goot/65219.jpg,Aphis citricola Vander Goot,train
Aphis citricola Vander Goot/65221.jpg,Aphis citricola Vander Goot,test
Aphis citricola Vander Goot/65222.jpg,Aphis citricola Vander Goot,train
Aphis citricola Vander Goot/65223.jpg,Aphis citricola Vander Goot,test
Aphis citricola Vander Goot/65224.jpg,Aphis citricola Vander Goot,train
Aphis citricola Vander Goot/65228.jpg,Aphis citricola Vander Goot,test
Aphis citricola Vander Goot/65229.jpg,Aphis citricola Vander Goot,train
Aphis citricola Vander Goot/65230.jpg,Aphis citricola Vander Goot,train
Aphis citricola Vander Goot/65232.jpg,Aphis citricola Vander Goot,train
Aphis citricola Vander Goot/65234.jpg,Aphis citricola Vander Goot,test
Aphis citricola Vander Goot/65235.jpg,Aphis citricola Vander Goot,test
Aphis citricola Vander Goot/65236.jpg,Aphis citricola Vander Goot,train
Aphis citricola Vander Goot/65238.jpg,Aphis citricola Vander Goot,val
Aphis citricola Vander Goot/65239.jpg,Aphis citricola Vander Goot,test
Aphis citricola Vander Goot/65240.jpg,Aphis citricola Vander Goot,val
Aphis citricola Vander Goot/65242.jpg,Aphis citricola Vander Goot,train
Aphis citricola Vander Goot/65243.jpg,Aphis citricola Vander Goot,test
Aphis citricola Vander Goot/65251.jpg,Aphis citricola Vander Goot,test
Aphis citricola Vander Goot/65253.jpg,Aphis citricola Vander Goot,train
Aphis citricola Vander Goot/65254.jpg,Aphis citricola Vander Goot,val
Aphis citricola Vander Goot/65255.jpg,Aphis citricola Vander Goot,val
Aphis citricola Vander Goot/65257.jpg,Aphis citricola Vander Goot,train
Aphis citricola Vander Goot/65258.jpg,Aphis citricola Vander Goot,train
Aphis citricola Vander Goot/65259.jpg,Aphis citricola Vander Goot,train
Aphis citricola Vander Goot/65262.jpg,Aphis citricola Vander Goot,train
Aphis citricola Vander Goot/65263.jpg,Aphis citricola Vander Goot,train
Aphis citricola Vander Goot/65264.jpg,Aphis citricola Vander Goot,train
Aphis citricola Vander Goot/65267.jpg,Aphis citricola Vander Goot,test
Aphis citricola Vander Goot/65268.jpg,Aphis citricola Vander Goot,val
Aphis citricola Vander Goot/65270.jpg,Aphis citricola Vander Goot,train
Aphis citricola Vander Goot/65272.jpg,Aphis citricola Vander Goot,train
Aphis citricola Vander Goot/65273.jpg,Aphis citricola Vander Goot,train
Aphis citricola Vander Goot/65274.jpg,Aphis citricola Vander Goot,val
Aphis citricola Vander Goot/65275.jpg,Aphis citricola Vander Goot,train
Aphis citricola Vander Goot/65279.jpg,Aphis citricola Vander Goot,train
Aphis citricola Vander Goot/65280.jpg,Aphis citricola Vander Goot,train
Aphis citricola Vander Goot/65282.jpg,Aphis citricola Vander Goot,train
Aphis citricola Vander Goot/65283.jpg,Aphis citricola Vander Goot,train
Aphis citricola Vander Goot/65284.jpg,Aphis citricola Vander Goot,train
Aphis citricola Vander Goot/65286.jpg,Aphis citricola Vander Goot,train
Aphis citricola Vander Goot/65287.jpg,Aphis citricola Vander Goot,train
Aphis citricola Vander Goot/65290.jpg,Aphis citricola Vander Goot,train
Aphis citricola Vander Goot/65292.jpg,Aphis citricola Vander Goot,train
Aphis citricola Vander Goot/65293.jpg,Aphis citricola Vander Goot,test
Aphis citricola Vander Goot/65294.jpg,Aphis citricola Vander Goot,train
Aphis citricola Vander Goot/65296.jpg,Aphis citricola Vander Goot,train
Aphis citricola Vander Goot/65297.jpg,Aphis citricola Vander Goot,val
Aphis citricola Vander Goot/65300.jpg,Aphis citricola Vander Goot,train
Aphis citricola Vander Goot/65302.jpg,Aphis citricola Vander Goot,train
Aphis citricola Vander Goot/65303.jpg,Aphis citricola Vander Goot,val
Aphis citricola Vander Goot/65304.jpg,Aphis citricola Vander Goot,train
Aphis citricola Vander Goot/65305.jpg,Aphis citricola Vander Goot,train
Aphis citricola Vander Goot/65306.jpg,Aphis citricola Vander Goot,train
Aphis citricola Vander Goot/65310.jpg,Aphis citricola Vander Goot,train
Aphis citricola Vander Goot/65312.jpg,Aphis citricola Vander Goot,train
Aphis citricola Vander Goot/65313.jpg,Aphis citricola Vander Goot,train
Aphis citricola Vander Goot/65316.jpg,Aphis citricola Vander Goot,train
Aphis citricola Vander Goot/65317.jpg,Aphis citricola Vander Goot,train
Aphis citricola Vander Goot/65319.jpg,Aphis citricola Vander Goot,train
Aphis citricola Vander Goot/65322.jpg,Aphis citricola Vander Goot,val
Aphis citricola Vander Goot/65323.jpg,Aphis citricola Vander Goot,train
Aphis citricola Vander Goot/65324.jpg,Aphis citricola Vander Goot,train
Aphis citricola Vander Goot/65325.jpg,Aphis citricola Vander Goot,val
Aphis citricola Vander Goot/65326.jpg,Aphis citricola Vander Goot,train
Aphis citricola Vander Goot/65328.jpg,Aphis citricola Vander Goot,train
Aphis citricola Vander Goot/65329.jpg,Aphis citricola Vander Goot,train
Aphis citricola Vander Goot/65330.jpg,Aphis citricola Vander Goot,train
Aphis citricola Vander Goot/65332.jpg,Aphis citricola Vander Goot,test
Aphis citricola Vander Goot/65333.jpg,Aphis citricola Vander Goot,train
Aphis citricola Vander Goot/65334.jpg,Aphis citricola Vander Goot,train
Aphis citricola Vander Goot/65336.jpg,Aphis citricola Vander Goot,test
Aphis citricola Vander Goot/65337.jpg,Aphis citricola Vander Goot,train
Aphis citricola Vander Goot/65338.jpg,Aphis citricola Vander Goot,train
Aphis citricola Vander Goot/65339.jpg,Aphis citricola Vander Goot,test
Aphis citricola Vander Goot/65342.jpg,Aphis citricola Vander Goot,train
Aphis citricola Vander Goot/65345.jpg,Aphis citricola Vander Goot,train
Aphis citricola Vander Goot/65346.jpg,Aphis citricola Vander Goot,train
Aphis citricola Vander Goot/65347.jpg,Aphis citricola Vander Goot,train
Aphis citricola Vander Goot/65348.jpg,Aphis citricola Vander Goot,train
Aphis citricola Vander Goot/65349.jpg,Aphis citricola Vander Goot,train
Aphis citricola Vander Goot/65351.jpg,Aphis citricola Vander Goot,train
Aphis citricola Vander Goot/65352.jpg,Aphis citricola Vander Goot,val
Aphis citricola Vander Goot/65353.jpg,Aphis citricola Vander Goot,train
Aphis citricola Vander Goot/65355.jpg,Aphis citricola Vander Goot,train
Aphis citricola Vander Goot/65357.jpg,Aphis citricola Vander Goot,test
Aphis citricola Vander Goot/65358.jpg,Aphis citricola Vander Goot,train
Aphis citricola Vander Goot/65359.jpg,Aphis citricola Vander Goot,train
Aphis citricola Vander Goot/65360.jpg,Aphis citricola Vander Goot,test
Aphis citricola Vander Goot/65361.jpg,Aphis citricola Vander Goot,train
Aphis citricola Vander Goot/65364.jpg,Aphis citricola Vander Goot,train
Aphis citricola Vander Goot/65369.jpg,Aphis citricola Vander Goot,train
Aphis citricola Vander Goot/65371.jpg,Aphis citricola Vander Goot,train
Aphis citricola Vander Goot/65373.jpg,Aphis citricola Vander Goot,train
Aphis citricola Vander Goot/65374.jpg,Aphis citricola Vander Goot,train
Aphis citricola Vander Goot/65375.jpg,Aphis citricola Vander Goot,train
Aphis citricola Vander Goot/65380.jpg,Aphis citricola Vander Goot,train
Aphis citricola Vander Goot/65382.jpg,Aphis citricola Vander Goot,train
Aphis citricola Vander Goot/65384.jpg,Aphis citricola Vander Goot,train
Aphis citricola Vander Goot/65386.jpg,Aphis citricola Vander Goot,train
Aphis citricola Vander Goot/65387.jpg,Aphis citricola Vander Goot,train
Aphis citricola Vander Goot/65389.jpg,Aphis citricola Vander Goot,val
Aphis citricola Vander Goot/65390.jpg,Aphis citricola Vander Goot,train
Aphis citricola Vander Goot/65391.jpg,Aphis citricola Vander Goot,train
Aphis citricola Vander Goot/65392.jpg,Aphis citricola Vander Goot,test
Aphis citricola Vander Goot/65393.jpg,Aphis citricola Vander Goot,train
Aphis citricola Vander Goot/65395.jpg,Aphis citricola Vander Goot,train
Aphis citricola Vander Goot/65396.jpg,Aphis citricola Vander Goot,train
Aphis citricola Vander Goot/65397.jpg,Aphis citricola Vander Goot,train
Aphis citricola Vander Goot/65398.jpg,Aphis citricola Vander Goot,val
Aphis citricola Vander Goot/65402.jpg,Aphis citricola Vander Goot,train
Aphis citricola Vander Goot/65403.jpg,Aphis citricola Vander Goot,train
Aphis citricola Vander Goot/65406.jpg,Aphis citricola Vander Goot,val
Aphis citricola Vander Goot/65407.jpg,Aphis citricola Vander Goot,train
Aphis citricola Vander Goot/65410.jpg,Aphis citricola Vander Goot,train
Aphis citricola Vander Goot/65411.jpg,Aphis citricola Vander Goot,val
Aphis citricola Vander Goot/65414.jpg,Aphis citricola Vander Goot,train
Aphis citricola Vander Goot/65415.jpg,Aphis citricola Vander Goot,test
Aphis citricola Vander Goot/65416.jpg,Aphis citricola Vander Goot,train
Aphis citricola Vander Goot/65417.jpg,Aphis citricola Vander Goot,train
Aphis citricola Vander Goot/65419.jpg,Aphis citricola Vander Goot,val
Aphis citricola Vander Goot/65421.jpg,Aphis citricola Vander Goot,train
Aphis citricola Vander Goot/65423.jpg,Aphis citricola Vander Goot,train
Aphis citricola Vander Goot/65424.jpg,Aphis citricola Vander Goot,test
Aphis citricola Vander Goot/65426.jpg,Aphis citricola Vander Goot,train
Aphis citricola Vander Goot/65427.jpg,Aphis citricola Vander Goot,test
Aphis citricola Vander Goot/65429.jpg,Aphis citricola Vander Goot,val
Aphis citricola Vander Goot/65434.jpg,Aphis citricola Vander Goot,train
Aphis citricola Vander Goot/65435.jpg,Aphis citricola Vander Goot,train
Aphis citricola Vander Goot/65437.jpg,Aphis citricola Vander Goot,test
Aphis citricola Vander Goot/65438.jpg,Aphis citricola Vander Goot,train
Aphis citricola Vander Goot/65439.jpg,Aphis citricola Vander Goot,train
Aphis citricola Vander Goot/65442.jpg,Aphis citricola Vander Goot,train
Aphis citricola Vander Goot/65443.jpg,Aphis citricola Vander Goot,val
Aphis citricola Vander Goot/65444.jpg,Aphis citricola Vander Goot,train
Aphis citricola Vander Goot/65446.jpg,Aphis citricola Vander Goot,val
Aphis citricola Vander Goot/65447.jpg,Aphis citricola Vander Goot,train
Aphis citricola Vander Goot/65448.jpg,Aphis citricola Vander Goot,train
Aphis citricola Vander Goot/65449.jpg,Aphis citricola Vander Goot,val
Aphis citricola Vander Goot/65451.jpg,Aphis citricola Vander Goot,val
Aphis citricola Vander Goot/65452.jpg,Aphis citricola Vander Goot,train
Aphis citricola Vander Goot/65456.jpg,Aphis citricola Vander Goot,train
Aphis citricola Vander Goot/65457.jpg,Aphis citricola Vander Goot,train
Aphis citricola Vander Goot/65458.jpg,Aphis citricola Vander Goot,val
Aphis citricola Vander Goot/65460.jpg,Aphis citricola Vander Goot,test
Aphis citricola Vander Goot/65461.jpg,Aphis citricola Vander Goot,train
Aphis citricola Vander Goot/65462.jpg,Aphis citricola Vander Goot,train
Aphis citricola Vander Goot/65466.jpg,Aphis citricola Vander Goot,train
Aphis citricola Vander Goot/65467.jpg,Aphis citricola Vander Goot,test
Aphis citricola Vander Goot/65470.jpg,Aphis citricola Vander Goot,train
Aphis citricola Vander Goot/65472.jpg,Aphis citricola Vander Goot,train
Aphis citricola Vander Goot/65473.jpg,Aphis citricola Vander Goot,test
Aphis citricola Vander Goot/65475.jpg,Aphis citricola Vander Goot,train
Aphis citricola Vander Goot/65476.jpg,Aphis citricola Vander Goot,train
Aphis citricola Vander Goot/65477.jpg,Aphis citricola Vander Goot,train
Aphis citricola Vander Goot/65478.jpg,Aphis citricola Vander Goot,test
Aphis citricola Vander Goot/65479.jpg,Aphis citricola Vander Goot,val
Aphis citricola Vander Goot/65480.jpg,Aphis citricola Vander Goot,train
Apolygus lucorum/40660.jpg,Apolygus lucorum,train
Apolygus lucorum/40661.jpg,Apolygus lucorum,train
Apolygus lucorum/40663.jpg,Apolygus lucorum,train
Apolygus lucorum/40664.jpg,Apolygus lucorum,test
Apolygus lucorum/40665.jpg,Apolygus lucorum,train
Apolygus lucorum/40667.jpg,Apolygus lucorum,train
Apolygus lucorum/40668.jpg,Apolygus lucorum,train
Apolygus lucorum/40670.jpg,Apolygus lucorum,train
Apolygus lucorum/40672.jpg,Apolygus lucorum,val
Apolygus lucorum/40674.jpg,Apolygus lucorum,test
Apolygus lucorum/40675.jpg,Apolygus lucorum,val
Apolygus lucorum/40678.jpg,Apolygus lucorum,val
Apolygus lucorum/40679.jpg,Apolygus lucorum,train
Apolygus lucorum/40680.jpg,Apolygus lucorum,val
Apolygus lucorum/40681.jpg,Apolygus lucorum,train
Apolygus lucorum/40682.jpg,Apolygus lucorum,train
Apolygus lucorum/40683.jpg,Apolygus lucorum,train
Apolygus lucorum/40684.jpg,Apolygus lucorum,test
Apolygus lucorum/40685.jpg,Apolygus lucorum,train
Apolygus lucorum/40689.jpg,Apolygus lucorum,train
Apolygus lucorum/40691.jpg,Apolygus lucorum,val
Apolygus lucorum/40692.jpg,Apolygus lucorum,train
Apolygus lucorum/40693.jpg,Apolygus lucorum,train
Apolygus lucorum/40694.jpg,Apolygus lucorum,val
Apolygus lucorum/40695.jpg,Apolygus lucorum,train
Apolygus lucorum/40696.jpg,Apolygus lucorum,train
Apolygus lucorum/40697.jpg,Apolygus lucorum,train
Apolygus lucorum/40698.jpg,Apolygus lucorum,test
Apolygus lucorum/40699.jpg,Apolygus lucorum,train
Apolygus lucorum/40700.jpg,Apolygus lucorum,train
Apolygus lucorum/40702.jpg,Apolygus lucorum,train
Apolygus lucorum/40703.jpg,Apolygus lucorum,train
Apolygus lucorum/40705.jpg,Apolygus lucorum,train
Apolygus lucorum/40706.jpg,Apolygus lucorum,val
Apolygus lucorum/40707.jpg,Apolygus lucorum,train
Apolygus lucorum/40708.jpg,Apolygus lucorum,test
Apolygus lucorum/40709.jpg,Apolygus lucorum,train
Apolygus lucorum/40710.jpg,Apolygus lucorum,test
Apolygus lucorum/40711.jpg,Apolygus lucorum,val
Apolygus lucorum/40713.jpg,Apolygus lucorum,train
Apolygus lucorum/40715.jpg,Apolygus lucorum,train
Apolygus lucorum/40716.jpg,Apolygus lucorum,train
Apolygus lucorum/40717.jpg,Apolygus lucorum,train
Apolygus lucorum/40719.jpg,Apolygus lucorum,test
Apolygus lucorum/40720.jpg,Apolygus lucorum,train
Apolygus lucorum/40721.jpg,Apolygus lucorum,val
Apolygus lucorum/40724.jpg,Apolygus lucorum,train
Apolygus lucorum/40726.jpg,Apolygus lucorum,val
Apolygus lucorum/40729.jpg,Apolygus lucorum,train
Apolygus lucorum/40730.jpg,Apolygus lucorum,val
Apolygus lucorum/40731.jpg,Apolygus lucorum,train
Apolygus lucorum/40733.jpg,Apolygus lucorum,train
Apolygus lucorum/40735.jpg,Apolygus lucorum,test
Apolygus lucorum/40738.jpg,Apolygus lucorum,train
Apolygus lucorum/40741.jpg,Apolygus lucorum,train
Apolygus lucorum/40742.jpg,Apolygus lucorum,val
Apolygus lucorum/40747.jpg,Apolygus lucorum,train
Apolygus lucorum/40749.jpg,Apolygus lucorum,test
Apolygus lucorum/40750.jpg,Apolygus lucorum,train
Apolygus lucorum/40751.jpg,Apolygus lucorum,train
Apolygus lucorum/40753.jpg,Apolygus lucorum,val
Apolygus lucorum/40754.jpg,Apolygus lucorum,test
Apolygus lucorum/40755.jpg,Apolygus lucorum,train
Apolygus lucorum/40756.jpg,Apolygus lucorum,train
Apolygus lucorum/40757.jpg,Apolygus lucorum,val
Apolygus lucorum/40759.jpg,Apolygus lucorum,val
Apolygus lucorum/40760.jpg,Apolygus lucorum,train
Apolygus lucorum/40763.jpg,Apolygus lucorum,test
Apolygus lucorum/40764.jpg,Apolygus lucorum,train
Apolygus lucorum/40766.jpg,Apolygus lucorum,train
Apolygus lucorum/40767.jpg,Apolygus lucorum,train
Apolygus lucorum/40770.jpg,Apolygus lucorum,train
Apolygus lucorum/40771.jpg,Apolygus lucorum,train
Apolygus lucorum/40774.jpg,Apolygus lucorum,val
Apolygus lucorum/40775.jpg,Apolygus lucorum,val
Apolygus lucorum/40778.jpg,Apolygus lucorum,train
Apolygus lucorum/40780.jpg,Apolygus lucorum,test
Apolygus lucorum/40784.jpg,Apolygus lucorum,train
Apolygus lucorum/40787.jpg,Apolygus lucorum,val
Apolygus lucorum/40788.jpg,Apolygus lucorum,test
Apolygus lucorum/40789.jpg,Apolygus lucorum,test
Apolygus lucorum/40793.jpg,Apolygus lucorum,train
Apolygus lucorum/40794.jpg,Apolygus lucorum,train
Apolygus lucorum/40795.jpg,Apolygus lucorum,train
Apolygus lucorum/40797.jpg,Apolygus lucorum,test
Apolygus lucorum/40798.jpg,Apolygus lucorum,train
Apolygus lucorum/40804.jpg,Apolygus lucorum,train
Apolygus lucorum/40806.jpg,Apolygus lucorum,train
Apolygus lucorum/40807.jpg,Apolygus lucorum,train
Apolygus lucorum/40809.jpg,Apolygus lucorum,train
Apolygus lucorum/40810.jpg,Apolygus lucorum,test
Apolygus lucorum/40811.jpg,Apolygus lucorum,test
Apolygus lucorum/40812.jpg,Apolygus lucorum,train
Apolygus lucorum/40816.jpg,Apolygus lucorum,train
Apolygus lucorum/40819.jpg,Apolygus lucorum,train
Apolygus lucorum/40821.jpg,Apolygus lucorum,train
Apolygus lucorum/40822.jpg,Apolygus lucorum,train
Apolygus lucorum/40823.jpg,Apolygus lucorum,train
Apolygus lucorum/40824.jpg,Apolygus lucorum,train
Apolygus lucorum/40825.jpg,Apolygus lucorum,test
Apolygus lucorum/40828.jpg,Apolygus lucorum,val
Apolygus lucorum/40829.jpg,Apolygus lucorum,train
Apolygus lucorum/40831.jpg,Apolygus lucorum,train
Apolygus lucorum/40835.jpg,Apolygus lucorum,train
Apolygus lucorum/40836.jpg,Apolygus lucorum,train
Apolygus lucorum/40837.jpg,Apolygus lucorum,train
Apolygus lucorum/40839.jpg,Apolygus lucorum,train
Apolygus lucorum/40840.jpg,Apolygus lucorum,train
Apolygus lucorum/40842.jpg,Apolygus lucorum,test
Apolygus lucorum/40843.jpg,Apolygus lucorum,train
Apolygus lucorum/40846.jpg,Apolygus lucorum,train
Apolygus lucorum/40847.jpg,Apolygus lucorum,val
Apolygus lucorum/40849.jpg,Apolygus lucorum,train
Apolygus lucorum/40850.jpg,Apolygus lucorum,train
Apolygus lucorum/40851.jpg,Apolygus lucorum,train
Apolygus lucorum/40855.jpg,Apolygus lucorum,train
Apolygus lucorum/40856.jpg,Apolygus lucorum,val
Apolygus lucorum/40858.jpg,Apolygus lucorum,train
Apolygus lucorum/40860.jpg,Apolygus lucorum,train
Apolygus lucorum/40862.jpg,Apolygus lucorum,train
Apolygus lucorum/40863.jpg,Apolygus lucorum,test
Apolygus lucorum/40865.jpg,Apolygus lucorum,train
Apolygus lucorum/40866.jpg,Apolygus lucorum,train
Apolygus lucorum/40867.jpg,Apolygus lucorum,train
Apolygus lucorum/40871.jpg,Apolygus lucorum,train
Apolygus lucorum/40872.jpg,Apolygus lucorum,train
Apolygus lucorum/40873.jpg,Apolygus lucorum,train
Apolygus lucorum/40874.jpg,Apolygus lucorum,train
Apolygus lucorum/40876.jpg,Apolygus lucorum,train
Apolygus lucorum/40880.jpg,Apolygus lucorum,train
Apolygus lucorum/40881.jpg,Apolygus lucorum,train
Apolygus lucorum/40882.jpg,Apolygus lucorum,val
Apolygus lucorum/40884.jpg,Apolygus lucorum,train
Apolygus lucorum/40886.jpg,Apolygus lucorum,train
Apolygus lucorum/40887.jpg,Apolygus lucorum,train
Apolygus lucorum/40888.jpg,Apolygus lucorum,train
Apolygus lucorum/40890.jpg,Apolygus lucorum,val
Apolygus lucorum/40891.jpg,Apolygus lucorum,train
Apolygus lucorum/40894.jpg,Apolygus lucorum,train
Apolygus lucorum/40895.jpg,Apolygus lucorum,train
Apolygus lucorum/40897.jpg,Apolygus lucorum,train
Apolygus lucorum/40899.jpg,Apolygus lucorum,test
Apolygus lucorum/40900.jpg,Apolygus lucorum,train
Apolygus lucorum/40901.jpg,Apolygus lucorum,train
Apolygus lucorum/40902.jpg,Apolygus lucorum,train
Apolygus lucorum/40903.jpg,Apolygus lucorum,train
Apolygus lucorum/40904.jpg,Apolygus lucorum,test
Apolygus lucorum/40907.jpg,Apolygus lucorum,test
Apolygus lucorum/40908.jpg,Apolygus lucorum,train
Apolygus lucorum/40911.jpg,Apolygus lucorum,train
Apolygus lucorum/40913.jpg,Apolygus lucorum,val
Apolygus lucorum/40915.jpg,Apolygus lucorum,val
Apolygus lucorum/40916.jpg,Apolygus lucorum,train
Apolygus lucorum/40917.jpg,Apolygus lucorum,test
Apolygus lucorum/40918.jpg,Apolygus lucorum,train
Apolygus lucorum/40919.jpg,Apolygus lucorum,train
Apolygus lucorum/40922.jpg,Apolygus lucorum,train
Apolygus lucorum/40923.jpg,Apolygus lucorum,train
Apolygus lucorum/40926.jpg,Apolygus lucorum,val
Apolygus lucorum/40928.jpg,Apolygus lucorum,train
Apolygus lucorum/40929.jpg,Apolygus lucorum,train
Apolygus lucorum/40930.jpg,Apolygus lucorum,train
Apolygus lucorum/40936.jpg,Apolygus lucorum,val
Apolygus lucorum/40937.jpg,Apolygus lucorum,train
Apolygus lucorum/40939.jpg,Apolygus lucorum,train
Apolygus lucorum/40941.jpg,Apolygus lucorum,train
Apolygus lucorum/40942.jpg,Apolygus lucorum,test
Apolygus lucorum/40944.jpg,Apolygus lucorum,train
Apolygus lucorum/40945.jpg,Apolygus lucorum,train
Apolygus lucorum/40946.jpg,Apolygus lucorum,train
Apolygus lucorum/40948.jpg,Apolygus lucorum,train
Apolygus lucorum/40949.jpg,Apolygus lucorum,train
Apolygus lucorum/40950.jpg,Apolygus lucorum,train
Apolygus lucorum/40951.jpg,Apolygus lucorum,val
Apolygus lucorum/40954.jpg,Apolygus lucorum,train
Apolygus lucorum/40955.jpg,Apolygus lucorum,val
Apolygus lucorum/40956.jpg,Apolygus lucorum,train
Apolygus lucorum/40959.jpg,Apolygus lucorum,train
Apolygus lucorum/40960.jpg,Apolygus lucorum,train
Apolygus lucorum/40962.jpg,Apolygus lucorum,train
Apolygus lucorum/40964.jpg,Apolygus lucorum,test
Apolygus lucorum/40965.jpg,Apolygus lucorum,train
Apolygus lucorum/40966.jpg,Apolygus lucorum,train
Apolygus lucorum/40967.jpg,Apolygus lucorum,train
Apolygus lucorum/40968.jpg,Apolygus lucorum,train
Apolygus lucorum/40969.jpg,Apolygus lucorum,train
Apolygus lucorum/40973.jpg,Apolygus lucorum,train
Apolygus lucorum/40974.jpg,Apolygus lucorum,test
Apolygus lucorum/40975.jpg,Apolygus lucorum,val
Apolygus lucorum/40978.jpg,Apolygus lucorum,train
Apolygus lucorum/40979.jpg,Apolygus lucorum,train
Apolygus lucorum/40980.jpg,Apolygus lucorum,train
Apolygus lucorum/40982.jpg,Apolygus lucorum,train
Apolygus lucorum/40983.jpg,Apolygus lucorum,train
Apolygus lucorum/40986.jpg,Apolygus lucorum,test
Apolygus lucorum/40987.jpg,Apolygus lucorum,train
Apolygus lucorum/40988.jpg,Apolygus lucorum,val
Apolygus lucorum/40989.jpg,Apolygus lucorum,train
Apolygus lucorum/40990.jpg,Apolygus lucorum,test
Apolygus lucorum/40992.jpg,Apolygus lucorum,train
Apolygus lucorum/40993.jpg,Apolygus lucorum,test
Apolygus lucorum/40994.jpg,Apolygus lucorum,train
Apolygus lucorum/40997.jpg,Apolygus lucorum,train
Apolygus lucorum/40998.jpg,Apolygus lucorum,train
Apolygus lucorum/40999.jpg,Apolygus lucorum,train
Apolygus lucorum/41000.jpg,Apolygus lucorum,train
Apolygus lucorum/41003.jpg,Apolygus lucorum,train
Apolygus lucorum/41004.jpg,Apolygus lucorum,test
Apolygus lucorum/41005.jpg,Apolygus lucorum,train
Apolygus lucorum/41007.jpg,Apolygus lucorum,train
Apolygus lucorum/41008.jpg,Apolygus lucorum,train
Apolygus lucorum/41010.jpg,Apolygus lucorum,train
Apolygus lucorum/41011.jpg,Apolygus lucorum,train
Apolygus lucorum/41012.jpg,Apolygus lucorum,train
Apolygus lucorum/41014.jpg,Apolygus lucorum,train
Apolygus lucorum/41015.jpg,Apolygus lucorum,train
Apolygus lucorum/41019.jpg,Apolygus lucorum,train
Apolygus lucorum/41020.jpg,Apolygus lucorum,train
Apolygus lucorum/41023.jpg,Apolygus lucorum,test
Apolygus lucorum/41025.jpg,Apolygus lucorum,val
Apolygus lucorum/41027.jpg,Apolygus lucorum,val
Apolygus lucorum/41028.jpg,Apolygus lucorum,test
Apolygus lucorum/41029.jpg,Apolygus lucorum,train
Apolygus lucorum/41031.jpg,Apolygus lucorum,test
Apolygus lucorum/41032.jpg,Apolygus lucorum,train
Apolygus lucorum/41033.jpg,Apolygus lucorum,train
Apolygus lucorum/41037.jpg,Apolygus lucorum,train
Apolygus lucorum/41040.jpg,Apolygus lucorum,val
alfalfa plant bug/31860.jpg,alfalfa plant bug,train
alfalfa plant bug/31861.jpg,alfalfa plant bug,val
alfalfa plant bug/31862.jpg,alfalfa plant bug,train
alfalfa plant bug/31863.jpg,alfalfa plant bug,train
alfalfa plant bug/31866.jpg,alfalfa plant bug,train
alfalfa plant bug/31868.jpg,alfalfa plant bug,test
alfalfa plant bug/31869.jpg,alfalfa plant bug,test
alfalfa plant bug/31870.jpg,alfalfa plant bug,train
alfalfa plant bug/31872.jpg,alfalfa plant bug,val
alfalfa plant bug/31873.jpg,alfalfa plant bug,test
alfalfa plant bug/31874.jpg,alfalfa plant bug,train
alfalfa plant bug/31879.jpg,alfalfa plant bug,train
alfalfa plant bug/31880.jpg,alfalfa plant bug,train
alfalfa plant bug/31881.jpg,alfalfa plant bug,test
alfalfa plant bug/31883.jpg,alfalfa plant bug,train
alfalfa plant bug/31884.jpg,alfalfa plant bug,train
alfalfa plant bug/31885.jpg,alfalfa plant bug,train
alfalfa plant bug/31891.jpg,alfalfa plant bug,train
alfalfa plant bug/31892.jpg,alfalfa plant bug,train
alfalfa plant bug/31895.jpg,alfalfa plant bug,train
alfalfa plant bug/31896.jpg,alfalfa plant bug,test
alfalfa plant bug/31899.jpg,alfalfa plant bug,train
alfalfa plant bug/31900.jpg,alfalfa plant bug,val
alfalfa plant bug/31901.jpg,alfalfa plant bug,train
alfalfa plant bug/31902.jpg,alfalfa plant bug,val
alfalfa plant bug/31903.jpg,alfalfa plant bug,train
alfalfa plant bug/31904.jpg,alfalfa plant bug,train
alfalfa plant bug/31905.jpg,alfalfa plant bug,train
alfalfa plant bug/31909.jpg,alfalfa plant bug,train
alfalfa plant bug/31910.jpg,alfalfa plant bug,train
alfalfa plant bug/31911.jpg,alfalfa plant bug,train
alfalfa plant bug/31912.jpg,alfalfa plant bug,train
alfalfa plant bug/31913.jpg,alfalfa plant bug,train
alfalfa plant bug/31915.jpg,alfalfa plant bug,test
alfalfa plant bug/31916.jpg,alfalfa plant bug,train
alfalfa plant bug/31918.jpg,alfalfa plant bug,train
alfalfa plant bug/31919.jpg,alfalfa plant bug,train
alfalfa plant bug/31920.jpg,alfalfa plant bug,test
alfalfa plant bug/31921.jpg,alfalfa plant bug,train
alfalfa plant bug/31922.jpg,alfalfa plant bug,val
alfalfa plant bug/31923.jpg,alfalfa plant bug,train
alfalfa plant bug/31927.jpg,alfalfa plant bug,train
alfalfa plant bug/31929.jpg,alfalfa plant bug,train
alfalfa plant bug/31930.jpg,alfalfa plant bug,train
alfalfa plant bug/31932.jpg,alfalfa plant bug,train
alfalfa plant bug/31934.jpg,alfalfa plant bug,test
alfalfa plant bug/31936.jpg,alfalfa plant bug,train
alfalfa plant bug/31938.jpg,alfalfa plant bug,train
alfalfa plant bug/31939.jpg,alfalfa plant bug,test
alfalfa plant bug/31941.jpg,alfalfa plant bug,train
alfalfa plant bug/31943.jpg,alfalfa plant bug,val
alfalfa plant bug/31944.jpg,alfalfa plant bug,train
alfalfa plant bug/31947.jpg,alfalfa plant bug,train
alfalfa plant bug/31948.jpg,alfalfa plant bug,train
alfalfa plant bug/31950.jpg,alfalfa plant bug,train
alfalfa plant bug/31951.jpg,alfalfa plant bug,train
alfalfa plant bug/31953.jpg,alfalfa plant bug,val
alfalfa plant bug/31955.jpg,alfalfa plant bug,test
alfalfa plant bug/31956.jpg,alfalfa plant bug,val
alfalfa plant bug/31957.jpg,alfalfa plant bug,val
alfalfa plant bug/31958.jpg,alfalfa plant bug,train
alfalfa plant bug/31959.jpg,alfalfa plant bug,train
alfalfa plant bug/31961.jpg,alfalfa plant bug,train
alfalfa plant bug/31962.jpg,alfalfa plant bug,test
alfalfa plant bug/31963.jpg,alfalfa plant bug,test
alfalfa plant bug/31965.jpg,alfalfa plant bug,test
alfalfa plant bug/31966.jpg,alfalfa plant bug,train
alfalfa plant bug/31967.jpg,alfalfa plant bug,train
alfalfa plant bug/31968.jpg,alfalfa plant bug,train
alfalfa plant bug/31971.jpg,alfalfa plant bug,train
alfalfa plant bug/31972.jpg,alfalfa plant bug,train
alfalfa plant bug/31973.jpg,alfalfa plant bug,val
alfalfa plant bug/31975.jpg,alfalfa plant bug,train
alfalfa plant bug/31977.jpg,alfalfa plant bug,train
alfalfa plant bug/31978.jpg,alfalfa plant bug,val
alfalfa plant bug/31981.jpg,alfalfa plant bug,val
alfalfa plant bug/31982.jpg,alfalfa plant bug,train
alfalfa plant bug/31984.jpg,alfalfa plant bug,val
alfalfa plant bug/31985.jpg,alfalfa plant bug,train
alfalfa plant bug/31987.jpg,alfalfa plant bug,train
alfalfa plant bug/31992.jpg,alfalfa plant bug,test
alfalfa plant bug/31993.jpg,alfalfa plant bug,train
alfalfa plant bug/31994.jpg,alfalfa plant bug,train
alfalfa plant bug/31995.jpg,alfalfa plant bug,train
alfalfa plant bug/31996.jpg,alfalfa plant bug,train
alfalfa plant bug/31998.jpg,alfalfa plant bug,test
alfalfa plant bug/31999.jpg,alfalfa plant bug,test
alfalfa plant bug/32000.jpg,alfalfa plant bug,train
alfalfa plant bug/32003.jpg,alfalfa plant bug,train
alfalfa plant bug/32005.jpg,alfalfa plant bug,train
alfalfa plant bug/32008.jpg,alfalfa plant bug,train
alfalfa plant bug/32009.jpg,alfalfa plant bug,train
alfalfa plant bug/32010.jpg,alfalfa plant bug,train
alfalfa plant bug/32011.jpg,alfalfa plant bug,train
alfalfa plant bug/32016.jpg,alfalfa plant bug,train
alfalfa plant bug/32017.jpg,alfalfa plant bug,test
alfalfa plant bug/32018.jpg,alfalfa plant bug,train
alfalfa plant bug/32021.jpg,alfalfa plant bug,train
alfalfa plant bug/32022.jpg,alfalfa plant bug,train
alfalfa plant bug/32024.jpg,alfalfa plant bug,train
alfalfa plant bug/32025.jpg,alfalfa plant bug,train
alfalfa plant bug/32026.jpg,alfalfa plant bug,train
alfalfa plant bug/32027.jpg,alfalfa plant bug,train
alfalfa plant bug/32029.jpg,alfalfa plant bug,val
alfalfa plant bug/32032.jpg,alfalfa plant bug,train
alfalfa plant bug/32033.jpg,alfalfa plant bug,train
alfalfa plant bug/32034.jpg,alfalfa plant bug,train
alfalfa plant bug/32036.jpg,alfalfa plant bug,train
alfalfa plant bug/32037.jpg,alfalfa plant bug,test
alfalfa plant bug/32039.jpg,alfalfa plant bug,train
alfalfa plant bug/32042.jpg,alfalfa plant bug,train
alfalfa plant bug/32043.jpg,alfalfa plant bug,train
alfalfa plant bug/32044.jpg,alfalfa plant bug,test
alfalfa plant bug/32045.jpg,alfalfa plant bug,train
alfalfa plant bug/32047.jpg,alfalfa plant bug,train
alfalfa plant bug/32048.jpg,alfalfa plant bug,train
alfalfa plant bug/32049.jpg,alfalfa plant bug,train
alfalfa plant bug/32050.jpg,alfalfa plant bug,val
alfalfa plant bug/32052.jpg,alfalfa plant bug,train
alfalfa plant bug/32054.jpg,alfalfa plant bug,val
alfalfa plant bug/32055.jpg,alfalfa plant bug,train
alfalfa plant bug/32056.jpg,alfalfa plant bug,train
alfalfa plant bug/32057.jpg,alfalfa plant bug,val
alfalfa plant bug/32058.jpg,alfalfa plant bug,test
alfalfa plant bug/32060.jpg,alfalfa plant bug,train
alfalfa plant bug/32061.jpg,alfalfa plant bug,test
alfalfa plant bug/32063.jpg,alfalfa plant bug,val
alfalfa plant bug/32064.jpg,alfalfa plant bug,train
alfalfa plant bug/32065.jpg,alfalfa plant bug,train
alfalfa plant bug/32066.jpg,alfalfa plant bug,test
alfalfa plant bug/32067.jpg,alfalfa plant bug,val
alfalfa plant bug/32068.jpg,alfalfa plant bug,train
alfalfa plant bug/32069.jpg,alfalfa plant bug,test
alfalfa plant bug/32073.jpg,alfalfa plant bug,test
alfalfa plant bug/32074.jpg,alfalfa plant bug,train
alfalfa plant bug/32075.jpg,alfalfa plant bug,train
alfalfa plant bug/32076.jpg,alfalfa plant bug,train
alfalfa plant bug/32077.jpg,alfalfa plant bug,test
alfalfa plant bug/32078.jpg,alfalfa plant bug,train
alfalfa plant bug/32079.jpg,alfalfa plant bug,val
alfalfa plant bug/32080.jpg,alfalfa plant bug,train
alfalfa plant bug/32081.jpg,alfalfa plant bug,train
alfalfa plant bug/32083.jpg,alfalfa plant bug,train
alfalfa plant bug/32084.jpg,alfalfa plant bug,train
alfalfa plant bug/32085.jpg,alfalfa plant bug,val
alfalfa plant bug/32086.jpg,alfalfa plant bug,train
alfalfa plant bug/32087.jpg,alfalfa plant bug,train
alfalfa plant bug/32088.jpg,alfalfa plant bug,train
alfalfa plant bug/32090.jpg,alfalfa plant bug,train
alfalfa plant bug/32094.jpg,alfalfa plant bug,test
alfalfa plant bug/32096.jpg,alfalfa plant bug,test
alfalfa plant bug/32098.jpg,alfalfa plant bug,train
alfalfa plant bug/32102.jpg,alfalfa plant bug,train
alfalfa plant bug/32104.jpg,alfalfa plant bug,train
alfalfa plant bug/32105.jpg,alfalfa plant bug,test
alfalfa plant bug/32112.jpg,alfalfa plant bug,train
alfalfa plant bug/32113.jpg,alfalfa plant bug,test
alfalfa plant bug/32114.jpg,alfalfa plant bug,train
alfalfa plant bug/32115.jpg,alfalfa plant bug,train
alfalfa plant bug/32116.jpg,alfalfa plant bug,val
alfalfa plant bug/32117.jpg,alfalfa plant bug,train
alfalfa plant bug/32118.jpg,alfalfa plant bug,train
alfalfa plant bug/32119.jpg,alfalfa plant bug,train
alfalfa plant bug/32120.jpg,alfalfa plant bug,val
alfalfa plant bug/32121.jpg,alfalfa plant bug,train
alfalfa plant bug/32122.jpg,alfalfa plant bug,val
alfalfa plant bug/32123.jpg,alfalfa plant bug,train
alfalfa plant bug/32124.jpg,alfalfa plant bug,test
alfalfa plant bug/32125.jpg,alfalfa plant bug,train
alfalfa plant bug/32128.jpg,alfalfa plant bug,train
alfalfa plant bug/32129.jpg,alfalfa plant bug,test
alfalfa plant bug/32133.jpg,alfalfa plant bug,train
alfalfa plant bug/32134.jpg,alfalfa plant bug,train
alfalfa plant bug/32135.jpg,alfalfa plant bug,train
alfalfa plant bug/32137.jpg,alfalfa plant bug,train
alfalfa plant bug/32138.jpg,alfalfa plant bug,train
alfalfa plant bug/32139.jpg,alfalfa plant bug,test
alfalfa plant bug/32140.jpg,alfalfa plant bug,train
alfalfa plant bug/32141.jpg,alfalfa plant bug,train
alfalfa plant bug/32144.jpg,alfalfa plant bug,train
alfalfa plant bug/32145.jpg,alfalfa plant bug,train
alfalfa plant bug/32146.jpg,alfalfa plant bug,val
alfalfa plant bug/32148.jpg,alfalfa plant bug,train
alfalfa plant bug/32149.jpg,alfalfa plant bug,val
alfalfa plant bug/32150.jpg,alfalfa plant bug,train
alfalfa plant bug/32153.jpg,alfalfa plant bug,train
alfalfa plant bug/32160.jpg,alfalfa plant bug,train
alfalfa plant bug/32161.jpg,alfalfa plant bug,train
alfalfa plant bug/32162.jpg,alfalfa plant bug,test
alfalfa plant bug/32164.jpg,alfalfa plant bug,train
alfalfa plant bug/32165.jpg,alfalfa plant bug,train
alfalfa plant bug/32167.jpg,alfalfa plant bug,test
alfalfa plant bug/32171.jpg,alfalfa plant bug,test
alfalfa plant bug/32172.jpg,alfalfa plant bug,val
alfalfa plant bug/32181.jpg,alfalfa plant bug,train
alfalfa plant bug/32184.jpg,alfalfa plant bug,train
alfalfa plant bug/32186.jpg,alfalfa plant bug,train
alfalfa plant bug/32190.jpg,alfalfa plant bug,train
alfalfa plant bug/32192.jpg,alfalfa plant bug,train
alfalfa plant bug/32196.jpg,alfalfa plant bug,val
alfalfa plant bug/32198.jpg,alfalfa plant bug,train
alfalfa plant bug/32199.jpg,alfalfa plant bug,train
alfalfa plant bug/32203.jpg,alfalfa plant bug,val
alfalfa plant bug/32204.jpg,alfalfa plant bug,train
alfalfa plant bug/32206.jpg,alfalfa plant bug,train
alfalfa plant bug/32209.jpg,alfalfa plant bug,train
alfalfa plant bug/32210.jpg,alfalfa plant bug,train
alfalfa plant bug/32212.jpg,alfalfa plant bug,train
alfalfa plant bug/32213.jpg,alfalfa plant bug,train
alfalfa plant bug/32214.jpg,alfalfa plant bug,train
alfalfa plant bug/32215.jpg,alfalfa plant bug,train
alfalfa plant bug/32217.jpg,alfalfa plant bug,train
alfalfa plant bug/32219.jpg,alfalfa plant bug,train
alfalfa plant bug/32220.jpg,alfalfa plant bug,train
alfalfa plant bug/32221.jpg,alfalfa plant bug,train
alfalfa plant bug/32223.jpg,alfalfa plant bug,train
alfalfa plant bug/32224.jpg,alfalfa plant bug,train
alfalfa plant bug/32226.jpg,alfalfa plant bug,train
alfalfa plant bug/32227.jpg,alfalfa plant bug,train
alfalfa plant bug/32229.jpg,alfalfa plant bug,train
alfalfa plant bug/32230.jpg,alfalfa plant bug,val
alfalfa plant bug/32231.jpg,alfalfa plant bug,train
alfalfa plant bug/32232.jpg,alfalfa plant bug,train
alfalfa plant bug/32234.jpg,alfalfa plant bug,train
alfalfa plant bug/32238.jpg,alfalfa plant bug,test
alfalfa plant bug/32239.jpg,alfalfa plant bug,test
alfalfa plant bug/32242.jpg,alfalfa plant bug,train
alfalfa plant bug/32243.jpg,alfalfa plant bug,train
alfalfa plant bug/32247.jpg,alfalfa plant bug,train
alfalfa plant bug/32251.jpg,alfalfa plant bug,train
alfalfa plant bug/32253.jpg,alfalfa plant bug,val
alfalfa plant bug/32254.jpg,alfalfa plant bug,train
alfalfa plant bug/32255.jpg,alfalfa plant bug,train
alfalfa plant bug/32256.jpg,alfalfa plant bug,train
alfalfa plant bug/32258.jpg,alfalfa plant bug,train
alfalfa plant bug/32259.jpg,alfalfa plant bug,train
alfalfa plant bug/32260.jpg,alfalfa plant bug,test
alfalfa plant bug/32262.jpg,alfalfa plant bug,val
alfalfa plant bug/32265.jpg,alfalfa plant bug,train
alfalfa plant bug/32266.jpg,alfalfa plant bug,train
alfalfa plant bug/32267.jpg,alfalfa plant bug,train
alfalfa plant bug/32268.jpg,alfalfa plant bug,train
alfalfa plant bug/32269.jpg,alfalfa plant bug,train
alfalfa plant bug/32270.jpg,alfalfa plant bug,test
alfalfa plant bug/32271.jpg,alfalfa plant bug,train
alfalfa plant bug/32272.jpg,alfalfa plant bug,train
alfalfa plant bug/32274.jpg,alfalfa plant bug,train
alfalfa plant bug/32275.jpg,alfalfa plant bug,train
alfalfa plant bug/32277.jpg,alfalfa plant bug,train
alfalfa plant bug/32278.jpg,alfalfa plant bug,val
alfalfa plant bug/32281.jpg,alfalfa plant bug,train
alfalfa plant bug/32282.jpg,alfalfa plant bug,train
alfalfa plant bug/32283.jpg,alfalfa plant bug,val
alfalfa plant bug/32290.jpg,alfalfa plant bug,train
alfalfa plant bug/32291.jpg,alfalfa plant bug,test
alfalfa plant bug/32293.jpg,alfalfa plant bug,train
alfalfa plant bug/32294.jpg,alfalfa plant bug,train
alfalfa plant bug/32295.jpg,alfalfa plant bug,test
alfalfa plant bug/32298.jpg,alfalfa plant bug,val
alfalfa plant bug/32299.jpg,alfalfa plant bug,train
alfalfa plant bug/32300.jpg,alfalfa plant bug,train
alfalfa plant bug/32303.jpg,alfalfa plant bug,train
alfalfa plant bug/32305.jpg,alfalfa plant bug,train
alfalfa plant bug/32307.jpg,alfalfa plant bug,train
alfalfa plant bug/32308.jpg,alfalfa plant bug,train
alfalfa plant bug/32309.jpg,alfalfa plant bug,train
alfalfa plant bug/32310.jpg,alfalfa plant bug,train
alfalfa plant bug/32311.jpg,alfalfa plant bug,train
alfalfa plant bug/32312.jpg,alfalfa plant bug,train
alfalfa plant bug/32313.jpg,alfalfa plant bug,val
alfalfa plant bug/32314.jpg,alfalfa plant bug,train
alfalfa plant bug/32315.jpg,alfalfa plant bug,train
alfalfa plant bug/32317.jpg,alfalfa plant bug,test
alfalfa plant bug/32318.jpg,alfalfa plant bug,test
alfalfa plant bug/32319.jpg,alfalfa plant bug,val
alfalfa plant bug/32320.jpg,alfalfa plant bug,test
alfalfa plant bug/32321.jpg,alfalfa plant bug,train
alfalfa plant bug/32322.jpg,alfalfa plant bug,val
alfalfa plant bug/32323.jpg,alfalfa plant bug,train
alfalfa plant bug/32325.jpg,alfalfa plant bug,val
alfalfa plant bug/32327.jpg,alfalfa plant bug,val
alfalfa plant bug/32330.jpg,alfalfa plant bug,train
alfalfa plant bug/32332.jpg,alfalfa plant bug,train
alfalfa plant bug/32333.jpg,alfalfa plant bug,val
alfalfa plant bug/32334.jpg,alfalfa plant bug,val
alfalfa plant bug/32335.jpg,alfalfa plant bug,train
alfalfa plant bug/32336.jpg,alfalfa plant bug,train
alfalfa plant bug/32337.jpg,alfalfa plant bug,test
alfalfa plant bug/32338.jpg,alfalfa plant bug,val
alfalfa plant bug/32339.jpg,alfalfa plant bug,test
alfalfa plant bug/32342.jpg,alfalfa plant bug,train
alfalfa plant bug/32343.jpg,alfalfa plant bug,train
alfalfa plant bug/32345.jpg,alfalfa plant bug,train
alfalfa plant bug/32347.jpg,alfalfa plant bug,train
alfalfa plant bug/32350.jpg,alfalfa plant bug,train
alfalfa plant bug/32351.jpg,alfalfa plant bug,train
alfalfa plant bug/32352.jpg,alfalfa plant bug,test
alfalfa plant bug/32355.jpg,alfalfa plant bug,train
alfalfa plant bug/32358.jpg,alfalfa plant bug,val
alfalfa plant bug/32359.jpg,alfalfa plant bug,train
alfalfa plant bug/32360.jpg,alfalfa plant bug,train
alfalfa plant bug/32363.jpg,alfalfa plant bug,train
alfalfa plant bug/32366.jpg,alfalfa plant bug,train
alfalfa plant bug/32367.jpg,alfalfa plant bug,val
alfalfa plant bug/32368.jpg,alfalfa plant bug,train
alfalfa plant bug/32370.jpg,alfalfa plant bug,train
alfalfa plant bug/32371.jpg,alfalfa plant bug,train
alfalfa plant bug/32372.jpg,alfalfa plant bug,train
alfalfa plant bug/32373.jpg,alfalfa plant bug,train
alfalfa plant bug/32374.jpg,alfalfa plant bug,train
alfalfa plant bug/32375.jpg,alfalfa plant bug,train
alfalfa plant bug/32377.jpg,alfalfa plant bug,train
alfalfa plant bug/32378.jpg,alfalfa plant bug,train
alfalfa plant bug/32380.jpg,alfalfa plant bug,train
alfalfa plant bug/32381.jpg,alfalfa plant bug,train
alfalfa plant bug/32383.jpg,alfalfa plant bug,train
alfalfa plant bug/32384.jpg,alfalfa plant bug,train
alfalfa plant bug/32386.jpg,alfalfa plant bug,train
alfalfa plant bug/32387.jpg,alfalfa plant bug,train
alfalfa plant bug/32388.jpg,alfalfa plant bug,train
alfalfa plant bug/32389.jpg,alfalfa plant bug,test
alfalfa plant bug/32393.jpg,alfalfa plant bug,train
alfalfa plant bug/32394.jpg,alfalfa plant bug,train
alfalfa plant bug/32395.jpg,alfalfa plant bug,val
alfalfa plant bug/32397.jpg,alfalfa plant bug,val
alfalfa plant bug/32399.jpg,alfalfa plant bug,train
alfalfa plant bug/32400.jpg,alfalfa plant bug,val
alfalfa plant bug/32401.jpg,alfalfa plant bug,train
alfalfa plant bug/32402.jpg,alfalfa plant bug,test
alfalfa plant bug/32405.jpg,alfalfa plant bug,train
alfalfa plant bug/32410.jpg,alfalfa plant bug,train
alfalfa plant bug/32413.jpg,alfalfa plant bug,train
alfalfa plant bug/32414.jpg,alfalfa plant bug,test
alfalfa plant bug/32415.jpg,alfalfa plant bug,train
alfalfa plant bug/32418.jpg,alfalfa plant bug,train
alfalfa plant bug/32420.jpg,alfalfa plant bug,train
alfalfa plant bug/32422.jpg,alfalfa plant bug,train
alfalfa plant bug/32423.jpg,alfalfa plant bug,test
alfalfa plant bug/32425.jpg,alfalfa plant bug,train
alfalfa plant bug/32426.jpg,alfalfa plant bug,test
alfalfa plant bug/32430.jpg,alfalfa plant bug,train
alfalfa plant bug/32433.jpg,alfalfa plant bug,val
alfalfa plant bug/32434.jpg,alfalfa plant bug,train
alfalfa plant bug/32435.jpg,alfalfa plant bug,train
alfalfa plant bug/32437.jpg,alfalfa plant bug,train
alfalfa plant bug/32438.jpg,alfalfa plant bug,val
alfalfa plant bug/32440.jpg,alfalfa plant bug,train
alfalfa plant bug/32441.jpg,alfalfa plant bug,train
alfalfa plant bug/32444.jpg,alfalfa plant bug,train
alfalfa plant bug/32445.jpg,alfalfa plant bug,val
alfalfa plant bug/32446.jpg,alfalfa plant bug,val
alfalfa plant bug/32447.jpg,alfalfa plant bug,train
alfalfa plant bug/32448.jpg,alfalfa plant bug,train
alfalfa plant bug/32450.jpg,alfalfa plant bug,val
alfalfa plant bug/32451.jpg,alfalfa plant bug,train
alfalfa plant bug/32452.jpg,alfalfa plant bug,train
alfalfa plant bug/32453.jpg,alfalfa plant bug,train
alfalfa plant bug/32455.jpg,alfalfa plant bug,train
alfalfa plant bug/32456.jpg,alfalfa plant bug,train
alfalfa plant bug/32458.jpg,alfalfa plant bug,train
alfalfa plant bug/32459.jpg,alfalfa plant bug,test
alfalfa plant bug/32461.jpg,alfalfa plant bug,test
alfalfa plant bug/32464.jpg,alfalfa plant bug,train
alfalfa plant bug/32465.jpg,alfalfa plant bug,test
alfalfa plant bug/32467.jpg,alfalfa plant bug,test
alfalfa plant bug/32472.jpg,alfalfa plant bug,train
alfalfa plant bug/32474.jpg,alfalfa plant bug,val
alfalfa plant bug/32475.jpg,alfalfa plant bug,train
alfalfa plant bug/32478.jpg,alfalfa plant bug,train
alfalfa plant bug/32483.jpg,alfalfa plant bug,train
alfalfa plant bug/32486.jpg,alfalfa plant bug,train
alfalfa plant bug/32488.jpg,alfalfa plant bug,test
alfalfa plant bug/32489.jpg,alfalfa plant bug,train
alfalfa plant bug/32490.jpg,alfalfa plant bug,train
alfalfa plant bug/32491.jpg,alfalfa plant bug,test
alfalfa plant bug/32492.jpg,alfalfa plant bug,val
alfalfa plant bug/32493.jpg,alfalfa plant bug,val
alfalfa plant bug/32495.jpg,alfalfa plant bug,train
alfalfa plant bug/32496.jpg,alfalfa plant bug,val
alfalfa plant bug/32497.jpg,alfalfa plant bug,train
alfalfa plant bug/32498.jpg,alfalfa plant bug,test
alfalfa plant bug/32499.jpg,alfalfa plant bug,val
alfalfa plant bug/32501.jpg,alfalfa plant bug,val
alfalfa plant bug/32502.jpg,alfalfa plant bug,train
alfalfa plant bug/32505.jpg,alfalfa plant bug,train
alfalfa plant bug/32506.jpg,alfalfa plant bug,train
alfalfa plant bug/32507.jpg,alfalfa plant bug,train
alfalfa plant bug/32508.jpg,alfalfa plant bug,train
alfalfa plant bug/32509.jpg,alfalfa plant bug,train
alfalfa plant bug/32512.jpg,alfalfa plant bug,train
alfalfa plant bug/32513.jpg,alfalfa plant bug,train
alfalfa plant bug/32514.jpg,alfalfa plant bug,train
alfalfa plant bug/32515.jpg,alfalfa plant bug,train
alfalfa seed chalcid/40006.jpg,alfalfa seed chalcid,val
alfalfa seed chalcid/40009.jpg,alfalfa seed chalcid,train
alfalfa seed chalcid/40010.jpg,alfalfa seed chalcid,train
alfalfa seed chalcid/40011.jpg,alfalfa seed chalcid,train
alfalfa seed chalcid/40012.jpg,alfalfa seed chalcid,train
alfalfa seed chalcid/40014.jpg,alfalfa seed chalcid,train
alfalfa seed chalcid/40016.jpg,alfalfa seed chalcid,train
alfalfa seed chalcid/40017.jpg,alfalfa seed chalcid,test
alfalfa seed chalcid/40019.jpg,alfalfa seed chalcid,train
alfalfa seed chalcid/40020.jpg,alfalfa seed chalcid,train
alfalfa seed chalcid/40022.jpg,alfalfa seed chalcid,test
alfalfa seed chalcid/40024.jpg,alfalfa seed chalcid,train
alfalfa seed chalcid/40025.jpg,alfalfa seed chalcid,train
alfalfa seed chalcid/40026.jpg,alfalfa seed chalcid,train
alfalfa seed chalcid/40027.jpg,alfalfa seed chalcid,val
alfalfa seed chalcid/40028.jpg,alfalfa seed chalcid,test
alfalfa seed chalcid/40029.jpg,alfalfa seed chalcid,train
alfalfa seed chalcid/40031.jpg,alfalfa seed chalcid,train
alfalfa seed chalcid/40033.jpg,alfalfa seed chalcid,val
alfalfa seed chalcid/40034.jpg,alfalfa seed chalcid,test
alfalfa seed chalcid/40035.jpg,alfalfa seed chalcid,train
alfalfa seed chalcid/40036.jpg,alfalfa seed chalcid,test
alfalfa seed chalcid/40038.jpg,alfalfa seed chalcid,train
alfalfa seed chalcid/40041.jpg,alfalfa seed chalcid,test
alfalfa seed chalcid/40042.jpg,alfalfa seed chalcid,train
alfalfa seed chalcid/40043.jpg,alfalfa seed chalcid,train
alfalfa seed chalcid/40044.jpg,alfalfa seed chalcid,train
alfalfa seed chalcid/40045.jpg,alfalfa seed chalcid,train
alfalfa seed chalcid/40046.jpg,alfalfa seed chalcid,train
alfalfa seed chalcid/40047.jpg,alfalfa seed chalcid,train
alfalfa seed chalcid/40049.jpg,alfalfa seed chalcid,test
alfalfa seed chalcid/40051.jpg,alfalfa seed chalcid,train
alfalfa seed chalcid/40052.jpg,alfalfa seed chalcid,train
alfalfa seed chalcid/40056.jpg,alfalfa seed chalcid,val
alfalfa seed chalcid/40060.jpg,alfalfa seed chalcid,train
alfalfa seed chalcid/40062.jpg,alfalfa seed chalcid,train
alfalfa seed chalcid/40063.jpg,alfalfa seed chalcid,val
alfalfa seed chalcid/40064.jpg,alfalfa seed chalcid,train
alfalfa seed chalcid/40066.jpg,alfalfa seed chalcid,train
alfalfa seed chalcid/40067.jpg,alfalfa seed chalcid,train
alfalfa seed chalcid/40069.jpg,alfalfa seed chalcid,test
alfalfa seed chalcid/40070.jpg,alfalfa seed chalcid,val
alfalfa seed chalcid/40072.jpg,alfalfa seed chalcid,test
alfalfa seed chalcid/40074.jpg,alfalfa seed chalcid,test
alfalfa seed chalcid/40075.jpg,alfalfa seed chalcid,train
alfalfa seed chalcid/40076.jpg,alfalfa seed chalcid,train
alfalfa seed chalcid/40077.jpg,alfalfa seed chalcid,train
alfalfa seed chalcid/40081.jpg,alfalfa seed chalcid,train
alfalfa seed chalcid/40083.jpg,alfalfa seed chalcid,train
alfalfa seed chalcid/40084.jpg,alfalfa seed chalcid,train
alfalfa seed chalcid/40085.jpg,alfalfa seed chalcid,train
alfalfa seed chalcid/40086.jpg,alfalfa seed chalcid,test
alfalfa seed chalcid/40087.jpg,alfalfa seed chalcid,train
alfalfa seed chalcid/40088.jpg,alfalfa seed chalcid,val
alfalfa seed chalcid/40091.jpg,alfalfa seed chalcid,val
alfalfa seed chalcid/40093.jpg,alfalfa seed chalcid,val
alfalfa seed chalcid/40094.jpg,alfalfa seed chalcid,train
alfalfa seed chalcid/40096.jpg,alfalfa seed chalcid,test
alfalfa seed chalcid/40098.jpg,alfalfa seed chalcid,train
alfalfa seed chalcid/40100.jpg,alfalfa seed chalcid,val
alfalfa seed chalcid/40101.jpg,alfalfa seed chalcid,train
alfalfa seed chalcid/40104.jpg,alfalfa seed chalcid,train
alfalfa seed chalcid/40106.jpg,alfalfa seed chalcid,train
alfalfa seed chalcid/40109.jpg,alfalfa seed chalcid,train
alfalfa seed chalcid/40110.jpg,alfalfa seed chalcid,val
alfalfa seed chalcid/40113.jpg,alfalfa seed chalcid,test
alfalfa seed chalcid/40114.jpg,alfalfa seed chalcid,train
alfalfa seed chalcid/40115.jpg,alfalfa seed chalcid,train
alfalfa seed chalcid/40116.jpg,alfalfa seed chalcid,val
alfalfa seed chalcid/40117.jpg,alfalfa seed chalcid,val
alfalfa seed chalcid/40123.jpg,alfalfa seed chalcid,train
alfalfa seed chalcid/40124.jpg,alfalfa seed chalcid,train
alfalfa seed chalcid/40125.jpg,alfalfa seed chalcid,train
alfalfa seed chalcid/40126.jpg,alfalfa seed chalcid,train
alfalfa seed chalcid/40127.jpg,alfalfa seed chalcid,val
alfalfa seed chalcid/40128.jpg,alfalfa seed chalcid,train
alfalfa seed chalcid/40131.jpg,alfalfa seed chalcid,test
alfalfa seed chalcid/40132.jpg,alfalfa seed chalcid,train
alfalfa seed chalcid/40133.jpg,alfalfa seed chalcid,val
alfalfa seed chalcid/40134.jpg,alfalfa seed chalcid,train
alfalfa seed chalcid/40136.jpg,alfalfa seed chalcid,train
alfalfa seed chalcid/40138.jpg,alfalfa seed chalcid,train
alfalfa seed chalcid/40140.jpg,alfalfa seed chalcid,test
alfalfa seed chalcid/40146.jpg,alfalfa seed chalcid,train
alfalfa seed chalcid/40149.jpg,alfalfa seed chalcid,train
alfalfa seed chalcid/40150.jpg,alfalfa seed chalcid,train
alfalfa seed chalcid/40152.jpg,alfalfa seed chalcid,train
alfalfa seed chalcid/40153.jpg,alfalfa seed chalcid,train
alfalfa seed chalcid/40156.jpg,alfalfa seed chalcid,train
alfalfa seed chalcid/40157.jpg,alfalfa seed chalcid,train
alfalfa seed chalcid/40158.jpg,alfalfa seed chalcid,train
alfalfa seed chalcid/40160.jpg,alfalfa seed chalcid,train
alfalfa seed chalcid/40161.jpg,alfalfa seed chalcid,train
alfalfa seed chalcid/40162.jpg,alfalfa seed chalcid,train
alfalfa seed chalcid/40164.jpg,alfalfa seed chalcid,train
alfalfa seed chalcid/40165.jpg,alfalfa seed chalcid,val
alfalfa seed chalcid/40166.jpg,alfalfa seed chalcid,train
alfalfa seed chalcid/40167.jpg,alfalfa seed chalcid,test
alfalfa seed chalcid/40168.jpg,alfalfa seed chalcid,train
alfalfa seed chalcid/40170.jpg,alfalfa seed chalcid,train
alfalfa seed chalcid/40172.jpg,alfalfa seed chalcid,val
alfalfa seed chalcid/40173.jpg,alfalfa seed chalcid,train
alfalfa seed chalcid/40175.jpg,alfalfa seed chalcid,train
alfalfa seed chalcid/40178.jpg,alfalfa seed chalcid,test
alfalfa seed chalcid/40179.jpg,alfalfa seed chalcid,train
alfalfa seed chalcid/40180.jpg,alfalfa seed chalcid,train
alfalfa seed chalcid/40181.jpg,alfalfa seed chalcid,train
alfalfa seed chalcid/40182.jpg,alfalfa seed chalcid,train
alfalfa seed chalcid/40183.jpg,alfalfa seed chalcid,train
alfalfa seed chalcid/40184.jpg,alfalfa seed chalcid,train
alfalfa seed chalcid/40187.jpg,alfalfa seed chalcid,train
alfalfa weevil/30270.jpg,alfalfa weevil,train
alfalfa weevil/30272.jpg,alfalfa weevil,test
alfalfa weevil/30273.jpg,alfalfa weevil,val
alfalfa weevil/30276.jpg,alfalfa weevil,train
alfalfa weevil/30277.jpg,alfalfa weevil,train
alfalfa weevil/30278.jpg,alfalfa weevil,val
alfalfa weevil/30283.jpg,alfalfa weevil,train
alfalfa weevil/30286.jpg,alfalfa weevil,test
alfalfa weevil/30287.jpg,alfalfa weevil,test
alfalfa weevil/30288.jpg,alfalfa weevil,train
alfalfa weevil/30290.jpg,alfalfa weevil,val
alfalfa weevil/30291.jpg,alfalfa weevil,train
alfalfa weevil/30293.jpg,alfalfa weevil,train
alfalfa weevil/30294.jpg,alfalfa weevil,train
alfalfa weevil/30296.jpg,alfalfa weevil,val
alfalfa weevil/30297.jpg,alfalfa weevil,val
alfalfa weevil/30298.jpg,alfalfa weevil,train
alfalfa weevil/30299.jpg,alfalfa weevil,train
alfalfa weevil/30300.jpg,alfalfa weevil,val
alfalfa weevil/30301.jpg,alfalfa weevil,test
alfalfa weevil/30303.jpg,alfalfa weevil,train
alfalfa weevil/30304.jpg,alfalfa weevil,train
alfalfa weevil/30306.jpg,alfalfa weevil,train
alfalfa weevil/30307.jpg,alfalfa weevil,val
alfalfa weevil/30308.jpg,alfalfa weevil,train
alfalfa weevil/30310.jpg,alfalfa weevil,train
alfalfa weevil/30311.jpg,alfalfa weevil,train
alfalfa weevil/30312.jpg,alfalfa weevil,val
alfalfa weevil/30313.jpg,alfalfa weevil,test
alfalfa weevil/30316.jpg,alfalfa weevil,val
alfalfa weevil/30317.jpg,alfalfa weevil,train
alfalfa weevil/30319.jpg,alfalfa weevil,train
alfalfa weevil/30320.jpg,alfalfa weevil,test
alfalfa weevil/30323.jpg,alfalfa weevil,test
alfalfa weevil/30325.jpg,alfalfa weevil,train
alfalfa weevil/30327.jpg,alfalfa weevil,val
alfalfa weevil/30328.jpg,alfalfa weevil,test
alfalfa weevil/30329.jpg,alfalfa weevil,train
alfalfa weevil/30334.jpg,alfalfa weevil,train
alfalfa weevil/30335.jpg,alfalfa weevil,train
alfalfa weevil/30336.jpg,alfalfa weevil,val
alfalfa weevil/30340.jpg,alfalfa weevil,val
alfalfa weevil/30342.jpg,alfalfa weevil,test
alfalfa weevil/30344.jpg,alfalfa weevil,val
alfalfa weevil/30345.jpg,alfalfa weevil,train
alfalfa weevil/30347.jpg,alfalfa weevil,train
alfalfa weevil/30349.jpg,alfalfa weevil,train
alfalfa weevil/30350.jpg,alfalfa weevil,train
alfalfa weevil/30353.jpg,alfalfa weevil,train
alfalfa weevil/30354.jpg,alfalfa weevil,val
alfalfa weevil/30355.jpg,alfalfa weevil,train
alfalfa weevil/30358.jpg,alfalfa weevil,train
alfalfa weevil/30360.jpg,alfalfa weevil,test
alfalfa weevil/30362.jpg,alfalfa weevil,test
alfalfa weevil/30364.jpg,alfalfa weevil,test
alfalfa weevil/30365.jpg,alfalfa weevil,train
alfalfa weevil/30367.jpg,alfalfa weevil,train
alfalfa weevil/30368.jpg,alfalfa weevil,test
alfalfa weevil/30372.jpg,alfalfa weevil,train
alfalfa weevil/30373.jpg,alfalfa weevil,train
alfalfa weevil/30374.jpg,alfalfa weevil,train
alfalfa weevil/30375.jpg,alfalfa weevil,val
alfalfa weevil/30376.jpg,alfalfa weevil,train
alfalfa weevil/30378.jpg,alfalfa weevil,train
alfalfa weevil/30379.jpg,alfalfa weevil,train
alfalfa weevil/30380.jpg,alfalfa weevil,train
alfalfa weevil/30381.jpg,alfalfa weevil,train
alfalfa weevil/30382.jpg,alfalfa weevil,test
alfalfa weevil/30383.jpg,alfalfa weevil,val
alfalfa weevil/30386.jpg,alfalfa weevil,train
alfalfa weevil/30392.jpg,alfalfa weevil,train
alfalfa weevil/30394.jpg,alfalfa weevil,train
alfalfa weevil/30395.jpg,alfalfa weevil,train
alfalfa weevil/30396.jpg,alfalfa weevil,train
alfalfa weevil/30398.jpg,alfalfa weevil,test
alfalfa weevil/30399.jpg,alfalfa weevil,test
alfalfa weevil/30401.jpg,alfalfa weevil,train
alfalfa weevil/30403.jpg,alfalfa weevil,test
alfalfa weevil/30407.jpg,alfalfa weevil,train
alfalfa weevil/30408.jpg,alfalfa weevil,train
alfalfa weevil/30413.jpg,alfalfa weevil,val
alfalfa weevil/30416.jpg,alfalfa weevil,train
alfalfa weevil/30417.jpg,alfalfa weevil,train
alfalfa weevil/30419.jpg,alfalfa weevil,test
alfalfa weevil/30422.jpg,alfalfa weevil,train
alfalfa weevil/30423.jpg,alfalfa weevil,train
alfalfa weevil/30425.jpg,alfalfa weevil,train
alfalfa weevil/30427.jpg,alfalfa weevil,train
alfalfa weevil/30431.jpg,alfalfa weevil,train
alfalfa weevil/30432.jpg,alfalfa weevil,test
alfalfa weevil/30433.jpg,alfalfa weevil,train
alfalfa weevil/30434.jpg,alfalfa weevil,train
alfalfa weevil/30435.jpg,alfalfa weevil,train
alfalfa weevil/30437.jpg,alfalfa weevil,train
alfalfa weevil/30439.jpg,alfalfa weevil,train
alfalfa weevil/30442.jpg,alfalfa weevil,val
alfalfa weevil/30444.jpg,alfalfa weevil,train
alfalfa weevil/30445.jpg,alfalfa weevil,test
alfalfa weevil/30446.jpg,alfalfa weevil,train
alfalfa weevil/30447.jpg,alfalfa weevil,train
alfalfa weevil/30448.jpg,alfalfa weevil,train
alfalfa weevil/30449.jpg,alfalfa weevil,train
alfalfa weevil/30452.jpg,alfalfa weevil,train
alfalfa weevil/30453.jpg,alfalfa weevil,train
alfalfa weevil/30455.jpg,alfalfa weevil,train
alfalfa weevil/30457.jpg,alfalfa weevil,train
alfalfa weevil/30459.jpg,alfalfa weevil,train
alfalfa weevil/30460.jpg,alfalfa weevil,val
alfalfa weevil/30461.jpg,alfalfa weevil,train
alfalfa weevil/30465.jpg,alfalfa weevil,train
alfalfa weevil/30468.jpg,alfalfa weevil,train
alfalfa weevil/30469.jpg,alfalfa weevil,train
alfalfa weevil/30470.jpg,alfalfa weevil,val
alfalfa weevil/30472.jpg,alfalfa weevil,train
alfalfa weevil/30473.jpg,alfalfa weevil,train
alfalfa weevil/30474.jpg,alfalfa weevil,train
alfalfa weevil/30478.jpg,alfalfa weevil,train
alfalfa weevil/30482.jpg,alfalfa weevil,val
alfalfa weevil/30483.jpg,alfalfa weevil,train
alfalfa weevil/30484.jpg,alfalfa weevil,test
alfalfa weevil/30486.jpg,alfalfa weevil,train
alfalfa weevil/30487.jpg,alfalfa weevil,train
alfalfa weevil/30488.jpg,alfalfa weevil,test
alfalfa weevil/30489.jpg,alfalfa weevil,train
alfalfa weevil/30490.jpg,alfalfa weevil,test
alfalfa weevil/30491.jpg,alfalfa weevil,train
alfalfa weevil/30492.jpg,alfalfa weevil,val
alfalfa weevil/30494.jpg,alfalfa weevil,train
alfalfa weevil/30497.jpg,alfalfa weevil,train
alfalfa weevil/30498.jpg,alfalfa weevil,train
alfalfa weevil/30500.jpg,alfalfa weevil,val
alfalfa weevil/30501.jpg,alfalfa weevil,train
alfalfa weevil/30505.jpg,alfalfa weevil,train
alfalfa weevil/30507.jpg,alfalfa weevil,train
alfalfa weevil/30508.jpg,alfalfa weevil,train
alfalfa weevil/30509.jpg,alfalfa weevil,val
alfalfa weevil/30510.jpg,alfalfa weevil,train
alfalfa weevil/30511.jpg,alfalfa weevil,train
alfalfa weevil/30514.jpg,alfalfa weevil,val
alfalfa weevil/30516.jpg,alfalfa weevil,train
alfalfa weevil/30518.jpg,alfalfa weevil,val
alfalfa weevil/30520.jpg,alfalfa weevil,train
alfalfa weevil/30521.jpg,alfalfa weevil,train
alfalfa weevil/30522.jpg,alfalfa weevil,test
alfalfa weevil/30523.jpg,alfalfa weevil,train
alfalfa weevil/30526.jpg,alfalfa weevil,train
alfalfa weevil/30528.jpg,alfalfa weevil,train
alfalfa weevil/30529.jpg,alfalfa weevil,train
alfalfa weevil/30530.jpg,alfalfa weevil,train
alfalfa weevil/30531.jpg,alfalfa weevil,train
alfalfa weevil/30532.jpg,alfalfa weevil,train
alfalfa weevil/30533.jpg,alfalfa weevil,train
alfalfa weevil/30536.jpg,alfalfa weevil,val
alfalfa weevil/30537.jpg,alfalfa weevil,train
alfalfa weevil/30539.jpg,alfalfa weevil,train
alfalfa weevil/30540.jpg,alfalfa weevil,val
alfalfa weevil/30541.jpg,alfalfa weevil,train
alfalfa weevil/30543.jpg,alfalfa weevil,val
alfalfa weevil/30545.jpg,alfalfa weevil,train
alfalfa weevil/30547.jpg,alfalfa weevil,train
alfalfa weevil/30548.jpg,alfalfa weevil,train
alfalfa weevil/30549.jpg,alfalfa weevil,train
alfalfa weevil/30550.jpg,alfalfa weevil,train
alfalfa weevil/30552.jpg,alfalfa weevil,train
alfalfa weevil/30553.jpg,alfalfa weevil,train
alfalfa weevil/30554.jpg,alfalfa weevil,val
alfalfa weevil/30555.jpg,alfalfa weevil,train
alfalfa weevil/30558.jpg,alfalfa weevil,train
alfalfa weevil/30562.jpg,alfalfa weevil,train
alfalfa weevil/30563.jpg,alfalfa weevil,train
alfalfa weevil/30564.jpg,alfalfa weevil,train
alfalfa weevil/30565.jpg,alfalfa weevil,train
alfalfa weevil/30566.jpg,alfalfa weevil,train
alfalfa weevil/30567.jpg,alfalfa weevil,train
alfalfa weevil/30571.jpg,alfalfa weevil,val
alfalfa weevil/30572.jpg,alfalfa weevil,test
alfalfa weevil/30576.jpg,alfalfa weevil,val
alfalfa weevil/30577.jpg,alfalfa weevil,train
alfalfa weevil/30579.jpg,alfalfa weevil,val
alfalfa weevil/30580.jpg,alfalfa weevil,train
alfalfa weevil/30581.jpg,alfalfa weevil,train
alfalfa weevil/30584.jpg,alfalfa weevil,train
alfalfa weevil/30585.jpg,alfalfa weevil,train
alfalfa weevil/30586.jpg,alfalfa weevil,train
alfalfa weevil/30587.jpg,alfalfa weevil,test
alfalfa weevil/30588.jpg,alfalfa weevil,train
alfalfa weevil/30589.jpg,alfalfa weevil,train
alfalfa weevil/30591.jpg,alfalfa weevil,train
alfalfa weevil/30595.jpg,alfalfa weevil,train
alfalfa weevil/30598.jpg,alfalfa weevil,train
alfalfa weevil/30599.jpg,alfalfa weevil,train
alfalfa weevil/30600.jpg,alfalfa weevil,train
alfalfa weevil/30601.jpg,alfalfa weevil,train
alfalfa weevil/30603.jpg,alfalfa weevil,val
alfalfa weevil/30604.jpg,alfalfa weevil,train
alfalfa weevil/30605.jpg,alfalfa weevil,train
alfalfa weevil/30607.jpg,alfalfa weevil,val
alfalfa weevil/30608.jpg,alfalfa weevil,test
alfalfa weevil/30609.jpg,alfalfa weevil,test
alfalfa weevil/30610.jpg,alfalfa weevil,val
alfalfa weevil/30611.jpg,alfalfa weevil,train
alfalfa weevil/30612.jpg,alfalfa weevil,test
alfalfa weevil/30613.jpg,alfalfa weevil,train
alfalfa weevil/30614.jpg,alfalfa weevil,train
alfalfa weevil/30616.jpg,alfalfa weevil,train
alfalfa weevil/30617.jpg,alfalfa weevil,train
alfalfa weevil/30618.jpg,alfalfa weevil,test
alfalfa weevil/30619.jpg,alfalfa weevil,train
alfalfa weevil/30620.jpg,alfalfa weevil,train
alfalfa weevil/30624.jpg,alfalfa weevil,train
alfalfa weevil/30625.jpg,alfalfa weevil,test
alfalfa weevil/30627.jpg,alfalfa weevil,test
alfalfa weevil/30628.jpg,alfalfa weevil,train
alfalfa weevil/30630.jpg,alfalfa weevil,train
alfalfa weevil/30632.jpg,alfalfa weevil,train
alfalfa weevil/30634.jpg,alfalfa weevil,train
alfalfa weevil/30635.jpg,alfalfa weevil,test
alfalfa weevil/30637.jpg,alfalfa weevil,train
alfalfa weevil/30638.jpg,alfalfa weevil,test
alfalfa weevil/30639.jpg,alfalfa weevil,train
alfalfa weevil/30641.jpg,alfalfa weevil,test
alfalfa weevil/30642.jpg,alfalfa weevil,train
alfalfa weevil/30643.jpg,alfalfa weevil,train
alfalfa weevil/30644.jpg,alfalfa weevil,train
alfalfa weevil/30645.jpg,alfalfa weevil,train
alfalfa weevil/30646.jpg,alfalfa weevil,train
alfalfa weevil/30647.jpg,alfalfa weevil,train
alfalfa weevil/30648.jpg,alfalfa weevil,val
alfalfa weevil/30649.jpg,alfalfa weevil,train
alfalfa weevil/30650.jpg,alfalfa weevil,train
alfalfa weevil/30653.jpg,alfalfa weevil,test
alfalfa weevil/30654.jpg,alfalfa weevil,train
alfalfa weevil/30655.jpg,alfalfa weevil,val
alfalfa weevil/30656.jpg,alfalfa weevil,val
alfalfa weevil/30659.jpg,alfalfa weevil,val
alfalfa weevil/30660.jpg,alfalfa weevil,train
alfalfa weevil/30661.jpg,alfalfa weevil,train
alfalfa weevil/30662.jpg,alfalfa weevil,train
alfalfa weevil/30665.jpg,alfalfa weevil,test
alfalfa weevil/30666.jpg,alfalfa weevil,train
alfalfa weevil/30668.jpg,alfalfa weevil,train
alfalfa weevil/30669.jpg,alfalfa weevil,train
alfalfa weevil/30672.jpg,alfalfa weevil,train
alfalfa weevil/30673.jpg,alfalfa weevil,train
alfalfa weevil/30674.jpg,alfalfa weevil,train
alfalfa weevil/30675.jpg,alfalfa weevil,val
alfalfa weevil/30676.jpg,alfalfa weevil,train
alfalfa weevil/30677.jpg,alfalfa weevil,train
alfalfa weevil/30678.jpg,alfalfa weevil,train
alfalfa weevil/30679.jpg,alfalfa weevil,train
alfalfa weevil/30680.jpg,alfalfa weevil,train
alfalfa weevil/30681.jpg,alfalfa weevil,test
alfalfa weevil/30683.jpg,alfalfa weevil,test
alfalfa weevil/30684.jpg,alfalfa weevil,train
alfalfa weevil/30692.jpg,alfalfa weevil,val
alfalfa weevil/30693.jpg,alfalfa weevil,train
alfalfa weevil/30694.jpg,alfalfa weevil,val
alfalfa weevil/30695.jpg,alfalfa weevil,train
alfalfa weevil/30696.jpg,alfalfa weevil,train
alfalfa weevil/30697.jpg,alfalfa weevil,train
alfalfa weevil/30698.jpg,alfalfa weevil,test
alfalfa weevil/30699.jpg,alfalfa weevil,train
alfalfa weevil/30701.jpg,alfalfa weevil,train
alfalfa weevil/30702.jpg,alfalfa weevil,train
alfalfa weevil/30703.jpg,alfalfa weevil,train
alfalfa weevil/30705.jpg,alfalfa weevil,test
alfalfa weevil/30706.jpg,alfalfa weevil,train
alfalfa weevil/30707.jpg,alfalfa weevil,train
alfalfa weevil/30710.jpg,alfalfa weevil,train
alfalfa weevil/30711.jpg,alfalfa weevil,train
alfalfa weevil/30715.jpg,alfalfa weevil,train
alfalfa weevil/30718.jpg,alfalfa weevil,train
alfalfa weevil/30719.jpg,alfalfa weevil,train
alfalfa weevil/30721.jpg,alfalfa weevil,train
alfalfa weevil/30722.jpg,alfalfa weevil,val
alfalfa weevil/30723.jpg,alfalfa weevil,train
alfalfa weevil/30725.jpg,alfalfa weevil,train
alfalfa weevil/30726.jpg,alfalfa weevil,val
alfalfa weevil/30727.jpg,alfalfa weevil,train
alfalfa weevil/30728.jpg,alfalfa weevil,train
alfalfa weevil/30730.jpg,alfalfa weevil,train
alfalfa weevil/30731.jpg,alfalfa weevil,train
alfalfa weevil/30734.jpg,alfalfa weevil,train
alfalfa weevil/30735.jpg,alfalfa weevil,train
alfalfa weevil/30737.jpg,alfalfa weevil,test
alfalfa weevil/30738.jpg,alfalfa weevil,train
alfalfa weevil/30740.jpg,alfalfa weevil,test
alfalfa weevil/30742.jpg,alfalfa weevil,train
alfalfa weevil/30743.jpg,alfalfa weevil,train
alfalfa weevil/30744.jpg,alfalfa weevil,train
alfalfa weevil/30745.jpg,alfalfa weevil,train
alfalfa weevil/30748.jpg,alfalfa weevil,train
alfalfa weevil/30750.jpg,alfalfa weevil,train
alfalfa weevil/30751.jpg,alfalfa weevil,val
alfalfa weevil/30752.jpg,alfalfa weevil,test
alfalfa weevil/30753.jpg,alfalfa weevil,train
alfalfa weevil/30756.jpg,alfalfa weevil,train
alfalfa weevil/30757.jpg,alfalfa weevil,train
alfalfa weevil/30759.jpg,alfalfa weevil,train
alfalfa weevil/30761.jpg,alfalfa weevil,train
alfalfa weevil/30763.jpg,alfalfa weevil,train
alfalfa weevil/30766.jpg,alfalfa weevil,train
alfalfa weevil/30767.jpg,alfalfa weevil,test
alfalfa weevil/30770.jpg,alfalfa weevil,test
alfalfa weevil/30771.jpg,alfalfa weevil,train
alfalfa weevil/30777.jpg,alfalfa weevil,train
alfalfa weevil/30778.jpg,alfalfa weevil,train
alfalfa weevil/30780.jpg,alfalfa weevil,val
alfalfa weevil/30782.jpg,alfalfa weevil,train
alfalfa weevil/30784.jpg,alfalfa weevil,train
alfalfa weevil/30785.jpg,alfalfa weevil,train
alfalfa weevil/30786.jpg,alfalfa weevil,train
alfalfa weevil/30787.jpg,alfalfa weevil,train
alfalfa weevil/30790.jpg,alfalfa weevil,test
aphids/17084.jpg,aphids,test
aphids/17087.jpg,aphids,train
aphids/17089.jpg,aphids,train
aphids/17090.jpg,aphids,train
aphids/17091.jpg,aphids,test
aphids/17092.jpg,aphids,test
aphids/17096.jpg,aphids,train
aphids/17097.jpg,aphids,val
aphids/17098.jpg,aphids,train
aphids/17099.jpg,aphids,train
aphids/17102.jpg,aphids,val
aphids/17103.jpg,aphids,train
aphids/17105.jpg,aphids,val
aphids/17107.jpg,aphids,train
aphids/17108.jpg,aphids,val
aphids/17109.jpg,aphids,train
aphids/17110.jpg,aphids,train
aphids/17112.jpg,aphids,train
aphids/17114.jpg,aphids,train
aphids/17116.jpg,aphids,train
aphids/17118.jpg,aphids,train
aphids/17120.jpg,aphids,train
aphids/17122.jpg,aphids,train
aphids/17123.jpg,aphids,train
aphids/17125.jpg,aphids,train
aphids/17126.jpg,aphids,test
aphids/17127.jpg,aphids,val
aphids/17128.jpg,aphids,train
aphids/17129.jpg,aphids,train
aphids/17130.jpg,aphids,train
aphids/17131.jpg,aphids,test
aphids/17132.jpg,aphids,val
aphids/17133.jpg,aphids,train
aphids/17134.jpg,aphids,train
aphids/17135.jpg,aphids,test
aphids/17136.jpg,aphids,train
aphids/17139.jpg,aphids,train
aphids/17140.jpg,aphids,train
aphids/17141.jpg,aphids,train
aphids/17144.jpg,aphids,val
aphids/17146.jpg,aphids,train
aphids/17148.jpg,aphids,train
aphids/17152.jpg,aphids,train
aphids/17153.jpg,aphids,train
aphids/17154.jpg,aphids,train
aphids/17155.jpg,aphids,train
aphids/17157.jpg,aphids,val
aphids/17158.jpg,aphids,train
aphids/17159.jpg,aphids,test
aphids/17160.jpg,aphids,test
aphids/17162.jpg,aphids,train
aphids/17163.jpg,aphids,train
aphids/17166.jpg,aphids,test
aphids/17167.jpg,aphids,train
aphids/17170.jpg,aphids,val
aphids/17172.jpg,aphids,train
aphids/17174.jpg,aphids,train
aphids/17175.jpg,aphids,test
aphids/17176.jpg,aphids,test
aphids/17177.jpg,aphids,train
aphids/17181.jpg,aphids,train
aphids/17183.jpg,aphids,train
aphids/17185.jpg,aphids,train
aphids/17186.jpg,aphids,train
aphids/17189.jpg,aphids,train
aphids/17190.jpg,aphids,train
aphids/17191.jpg,aphids,train
aphids/17192.jpg,aphids,val
aphids/17194.jpg,aphids,val
aphids/17195.jpg,aphids,train
aphids/17196.jpg,aphids,train
aphids/17197.jpg,aphids,val
aphids/17199.jpg,aphids,train
aphids/17200.jpg,aphids,train
aphids/17202.jpg,aphids,train
aphids/17203.jpg,aphids,train
aphids/17204.jpg,aphids,train
aphids/17205.jpg,aphids,val
aphids/17206.jpg,aphids,train
aphids/17207.jpg,aphids,val
aphids/17208.jpg,aphids,val
aphids/17209.jpg,aphids,val
aphids/17210.jpg,aphids,train
aphids/17211.jpg,aphids,train
aphids/17213.jpg,aphids,train
aphids/17214.jpg,aphids,train
aphids/17215.jpg,aphids,train
aphids/17218.jpg,aphids,train
aphids/17219.jpg,aphids,train
aphids/17220.jpg,aphids,val
aphids/17221.jpg,aphids,train
aphids/17222.jpg,aphids,train
aphids/17225.jpg,aphids,train
aphids/17226.jpg,aphids,val
aphids/17227.jpg,aphids,val
aphids/17228.jpg,aphids,train
aphids/17229.jpg,aphids,test
aphids/17232.jpg,aphids,train
aphids/17235.jpg,aphids,train
aphids/17236.jpg,aphids,val
aphids/17237.jpg,aphids,train
aphids/17238.jpg,aphids,test
aphids/17239.jpg,aphids,val
aphids/17240.jpg,aphids,val
aphids/17241.jpg,aphids,test
aphids/17242.jpg,aphids,test
aphids/17243.jpg,aphids,train
aphids/17244.jpg,aphids,test
aphids/17245.jpg,aphids,train
aphids/17247.jpg,aphids,train
aphids/17251.jpg,aphids,test
aphids/17256.jpg,aphids,train
aphids/17260.jpg,aphids,train
aphids/17261.jpg,aphids,train
aphids/17262.jpg,aphids,train
aphids/17264.jpg,aphids,train
aphids/17266.jpg,aphids,test
aphids/17267.jpg,aphids,val
aphids/17268.jpg,aphids,test
aphids/17270.jpg,aphids,train
aphids/17272.jpg,aphids,train
aphids/17273.jpg,aphids,val
aphids/17276.jpg,aphids,train
aphids/17278.jpg,aphids,train
aphids/17279.jpg,aphids,train
aphids/17280.jpg,aphids,val
aphids/17282.jpg,aphids,train
aphids/17283.jpg,aphids,val
aphids/17284.jpg,aphids,test
aphids/17286.jpg,aphids,train
aphids/17288.jpg,aphids,train
aphids/17289.jpg,aphids,val
aphids/17290.jpg,aphids,val
aphids/17292.jpg,aphids,train
aphids/17294.jpg,aphids,train
aphids/17298.jpg,aphids,train
aphids/17299.jpg,aphids,train
aphids/17300.jpg,aphids,val
aphids/17301.jpg,aphids,train
aphids/17303.jpg,aphids,train
aphids/17307.jpg,aphids,train
aphids/17308.jpg,aphids,val
aphids/17309.jpg,aphids,train
aphids/17310.jpg,aphids,train
aphids/17312.jpg,aphids,train
aphids/17313.jpg,aphids,test
aphids/17314.jpg,aphids,train
aphids/17316.jpg,aphids,train
aphids/17318.jpg,aphids,train
aphids/17320.jpg,aphids,train
aphids/17321.jpg,aphids,train
aphids/17322.jpg,aphids,train
aphids/17324.jpg,aphids,train
aphids/17326.jpg,aphids,test
aphids/17327.jpg,aphids,val
aphids/17328.jpg,aphids,train
aphids/17330.jpg,aphids,train
aphids/17331.jpg,aphids,train
aphids/17332.jpg,aphids,train
aphids/17333.jpg,aphids,train
aphids/17334.jpg,aphids,train
aphids/17335.jpg,aphids,train
aphids/17337.jpg,aphids,train
aphids/17338.jpg,aphids,train
aphids/17339.jpg,aphids,train
aphids/17340.jpg,aphids,test
aphids/17341.jpg,aphids,train
aphids/17342.jpg,aphids,val
aphids/17343.jpg,aphids,train
aphids/17344.jpg,aphids,train
aphids/17345.jpg,aphids,val
aphids/17350.jpg,aphids,train
aphids/17353.jpg,aphids,test
aphids/17354.jpg,aphids,train
aphids/17357.jpg,aphids,train
aphids/17358.jpg,aphids,train
aphids/17359.jpg,aphids,train
aphids/17361.jpg,aphids,train
aphids/17362.jpg,aphids,train
aphids/17363.jpg,aphids,train
aphids/17368.jpg,aphids,val
aphids/17371.jpg,aphids,train
aphids/17372.jpg,aphids,train
aphids/17375.jpg,aphids,val
aphids/17376.jpg,aphids,train
aphids/17378.jpg,aphids,train
aphids/17381.jpg,aphids,train
aphids/17384.jpg,aphids,train
aphids/17385.jpg,aphids,train
aphids/17387.jpg,aphids,train
aphids/17388.jpg,aphids,train
aphids/17389.jpg,aphids,train
aphids/17392.jpg,aphids,train
aphids/17393.jpg,aphids,train
aphids/17394.jpg,aphids,val
aphids/17395.jpg,aphids,test
aphids/17396.jpg,aphids,train
aphids/17398.jpg,aphids,train
aphids/17399.jpg,aphids,train
aphids/17402.jpg,aphids,test
aphids/17403.jpg,aphids,train
aphids/17405.jpg,aphids,val
aphids/17407.jpg,aphids,train
aphids/17408.jpg,aphids,train
aphids/17411.jpg,aphids,train
aphids/17417.jpg,aphids,test
aphids/17418.jpg,aphids,test
aphids/17420.jpg,aphids,val
aphids/17422.jpg,aphids,train
aphids/17423.jpg,aphids,train
aphids/17427.jpg,aphids,train
aphids/17428.jpg,aphids,test
aphids/17429.jpg,aphids,train
aphids/17430.jpg,aphids,train
aphids/17431.jpg,aphids,train
aphids/17432.jpg,aphids,val
aphids/17435.jpg,aphids,train
aphids/17436.jpg,aphids,train
aphids/17437.jpg,aphids,train
aphids/17438.jpg,aphids,val
aphids/17440.jpg,aphids,val
aphids/17443.jpg,aphids,train
aphids/17445.jpg,aphids,train
aphids/17447.jpg,aphids,train
aphids/17449.jpg,aphids,train
aphids/17451.jpg,aphids,test
aphids/17452.jpg,aphids,train
aphids/17453.jpg,aphids,test
aphids/17455.jpg,aphids,train
aphids/17456.jpg,aphids,test
aphids/17458.jpg,aphids,test
aphids/17459.jpg,aphids,val
aphids/17460.jpg,aphids,train
aphids/17461.jpg,aphids,train
aphids/17462.jpg,aphids,train
aphids/17463.jpg,aphids,train
aphids/17464.jpg,aphids,train
aphids/17465.jpg,aphids,val
aphids/17468.jpg,aphids,test
aphids/17469.jpg,aphids,train
aphids/17471.jpg,aphids,train
aphids/17473.jpg,aphids,train
aphids/17475.jpg,aphids,train
aphids/17476.jpg,aphids,train
aphids/17479.jpg,aphids,test
aphids/17482.jpg,aphids,test
aphids/17483.jpg,aphids,train
aphids/17484.jpg,aphids,val
aphids/17485.jpg,aphids,train
aphids/17487.jpg,aphids,test
aphids/17489.jpg,aphids,train
aphids/17492.jpg,aphids,train
aphids/17496.jpg,aphids,train
aphids/17497.jpg,aphids,train
aphids/17501.jpg,aphids,train
aphids/17502.jpg,aphids,train
aphids/17503.jpg,aphids,val
aphids/17504.jpg,aphids,train
aphids/17506.jpg,aphids,test
aphids/17508.jpg,aphids,train
aphids/17509.jpg,aphids,train
aphids/17513.jpg,aphids,train
aphids/17514.jpg,aphids,test
aphids/17515.jpg,aphids,val
aphids/17517.jpg,aphids,val
aphids/17519.jpg,aphids,test
aphids/17521.jpg,aphids,train
aphids/17526.jpg,aphids,train
aphids/17528.jpg,aphids,test
aphids/17531.jpg,aphids,train
aphids/17534.jpg,aphids,train
aphids/17535.jpg,aphids,train
aphids/17536.jpg,aphids,train
aphids/17538.jpg,aphids,train
aphids/17539.jpg,aphids,train
aphids/17542.jpg,aphids,train
aphids/17544.jpg,aphids,train
aphids/17545.jpg,aphids,train
aphids/17546.jpg,aphids,train
aphids/17547.jpg,aphids,val
aphids/17549.jpg,aphids,test
aphids/17550.jpg,aphids,val
aphids/17552.jpg,aphids,train
aphids/17553.jpg,aphids,train
aphids/17555.jpg,aphids,train
aphids/17556.jpg,aphids,train
aphids/17557.jpg,aphids,val
aphids/17558.jpg,aphids,test
aphids/17559.jpg,aphids,train
aphids/17560.jpg,aphids,test
aphids/17562.jpg,aphids,val
aphids/17569.jpg,aphids,val
aphids/17571.jpg,aphids,train
aphids/17572.jpg,aphids,train
aphids/17573.jpg,aphids,train
aphids/17577.jpg,aphids,train
aphids/17580.jpg,aphids,train
aphids/17581.jpg,aphids,train
aphids/17582.jpg,aphids,test
aphids/17584.jpg,aphids,test
aphids/17586.jpg,aphids,train
aphids/17587.jpg,aphids,train
aphids/17589.jpg,aphids,train
aphids/17591.jpg,aphids,test
aphids/17592.jpg,aphids,val
aphids/17596.jpg,aphids,train
aphids/17597.jpg,aphids,val
aphids/17599.jpg,aphids,val
aphids/17600.jpg,aphids,val
aphids/17602.jpg,aphids,test
aphids/17604.jpg,aphids,train
aphids/17605.jpg,aphids,train
aphids/17609.jpg,aphids,train
aphids/17612.jpg,aphids,train
aphids/17613.jpg,aphids,test
aphids/17614.jpg,aphids,train
aphids/17615.jpg,aphids,val
aphids/17617.jpg,aphids,train
aphids/17621.jpg,aphids,test
aphids/17626.jpg,aphids,train
aphids/17628.jpg,aphids,train
aphids/17629.jpg,aphids,train
aphids/17634.jpg,aphids,val
aphids/17635.jpg,aphids,train
aphids/17636.jpg,aphids,train
aphids/17637.jpg,aphids,test
aphids/17639.jpg,aphids,val
aphids/17640.jpg,aphids,train
aphids/17643.jpg,aphids,train
aphids/17647.jpg,aphids,train
aphids/17651.jpg,aphids,train
aphids/17652.jpg,aphids,train
aphids/17653.jpg,aphids,train
aphids/17654.jpg,aphids,train
aphids/17657.jpg,aphids,train
aphids/17658.jpg,aphids,test
aphids/17661.jpg,aphids,test
aphids/17664.jpg,aphids,train
aphids/17665.jpg,aphids,train
aphids/17666.jpg,aphids,train
aphids/17669.jpg,aphids,train
aphids/17673.jpg,aphids,train
aphids/17674.jpg,aphids,train
aphids/17675.jpg,aphids,val
aphids/17676.jpg,aphids,test
aphids/17679.jpg,aphids,train
aphids/17680.jpg,aphids,train
aphids/17682.jpg,aphids,train
aphids/17685.jpg,aphids,train
aphids/17686.jpg,aphids,test
aphids/17687.jpg,aphids,train
aphids/17688.jpg,aphids,train
aphids/17689.jpg,aphids,train
aphids/17691.jpg,aphids,train
aphids/17692.jpg,aphids,test
aphids/17693.jpg,aphids,train
aphids/17694.jpg,aphids,train
aphids/17698.jpg,aphids,train
aphids/17699.jpg,aphids,train
aphids/17700.jpg,aphids,test
aphids/17701.jpg,aphids,train
aphids/17702.jpg,aphids,train
aphids/17703.jpg,aphids,train
aphids/17704.jpg,aphids,val
aphids/17705.jpg,aphids,train
aphids/17706.jpg,aphids,train
aphids/17710.jpg,aphids,test
aphids/17711.jpg,aphids,train
aphids/17716.jpg,aphids,val
aphids/17717.jpg,aphids,train
aphids/17720.jpg,aphids,val
aphids/17724.jpg,aphids,train
aphids/17725.jpg,aphids,train
aphids/17727.jpg,aphids,train
aphids/17730.jpg,aphids,train
aphids/17736.jpg,aphids,train
aphids/17740.jpg,aphids,train
aphids/17741.jpg,aphids,train
aphids/17742.jpg,aphids,val
aphids/17744.jpg,aphids,train
aphids/17746.jpg,aphids,test
aphids/17747.jpg,aphids,train
aphids/17748.jpg,aphids,train
aphids/17749.jpg,aphids,val
aphids/17750.jpg,aphids,train
aphids/17751.jpg,aphids,test
aphids/17752.jpg,aphids,train
aphids/17753.jpg,aphids,test
aphids/17754.jpg,aphids,train
aphids/17758.jpg,aphids,test
aphids/17759.jpg,aphids,train
aphids/17760.jpg,aphids,train
aphids/17762.jpg,aphids,train
aphids/17763.jpg,aphids,val
aphids/17765.jpg,aphids,test
aphids/17767.jpg,aphids,train
aphids/17768.jpg,aphids,train
aphids/17769.jpg,aphids,train
aphids/17770.jpg,aphids,train
aphids/17771.jpg,aphids,train
aphids/17772.jpg,aphids,test
aphids/17773.jpg,aphids,train
aphids/17775.jpg,aphids,train
aphids/17776.jpg,aphids,val
aphids/17777.jpg,aphids,val
aphids/17778.jpg,aphids,test
aphids/17779.jpg,aphids,test
aphids/17780.jpg,aphids,train
aphids/17782.jpg,aphids,val
aphids/17784.jpg,aphids,train
aphids/17786.jpg,aphids,train
aphids/17788.jpg,aphids,train
aphids/17789.jpg,aphids,train
aphids/17791.jpg,aphids,test
aphids/17792.jpg,aphids,train
aphids/17793.jpg,aphids,train
aphids/17797.jpg,aphids,test
aphids/17798.jpg,aphids,train
aphids/17800.jpg,aphids,train
aphids/17801.jpg,aphids,train
aphids/17806.jpg,aphids,val
aphids/17807.jpg,aphids,train
aphids/17808.jpg,aphids,train
aphids/17809.jpg,aphids,train
aphids/17810.jpg,aphids,train
aphids/17812.jpg,aphids,train
aphids/17813.jpg,aphids,train
aphids/17814.jpg,aphids,train
aphids/17815.jpg,aphids,train
aphids/17816.jpg,aphids,val
aphids/17817.jpg,aphids,test
aphids/17819.jpg,aphids,train
aphids/17823.jpg,aphids,train
aphids/17824.jpg,aphids,train
aphids/17825.jpg,aphids,train
aphids/17826.jpg,aphids,train
aphids/17827.jpg,aphids,train
aphids/17828.jpg,aphids,train
aphids/17829.jpg,aphids,train
aphids/17832.jpg,aphids,train
aphids/17835.jpg,aphids,train
aphids/17836.jpg,aphids,train
aphids/17837.jpg,aphids,train
aphids/17838.jpg,aphids,train
aphids/17840.jpg,aphids,test
aphids/17841.jpg,aphids,train
aphids/17842.jpg,aphids,train
aphids/17844.jpg,aphids,train
aphids/17846.jpg,aphids,train
aphids/17849.jpg,aphids,train
aphids/17850.jpg,aphids,train
aphids/17851.jpg,aphids,train
aphids/17852.jpg,aphids,train
aphids/17855.jpg,aphids,val
aphids/17859.jpg,aphids,test
aphids/17861.jpg,aphids,train
aphids/17862.jpg,aphids,train
aphids/17864.jpg,aphids,train
aphids/17865.jpg,aphids,test
aphids/17866.jpg,aphids,train
aphids/17867.jpg,aphids,train
aphids/17868.jpg,aphids,train
aphids/17871.jpg,aphids,train
aphids/17872.jpg,aphids,test
aphids/17875.jpg,aphids,train
aphids/17876.jpg,aphids,val
aphids/17877.jpg,aphids,train
aphids/17878.jpg,aphids,train
aphids/17881.jpg,aphids,train
aphids/17882.jpg,aphids,train
aphids/17883.jpg,aphids,train
aphids/17884.jpg,aphids,train
aphids/17887.jpg,aphids,train
aphids/17888.jpg,aphids,train
aphids/17889.jpg,aphids,train
aphids/17890.jpg,aphids,train
aphids/17891.jpg,aphids,train
aphids/17894.jpg,aphids,val
aphids/17895.jpg,aphids,train
aphids/17896.jpg,aphids,train
aphids/17897.jpg,aphids,train
aphids/17898.jpg,aphids,train
aphids/17899.jpg,aphids,train
aphids/17901.jpg,aphids,train
aphids/17902.jpg,aphids,train
aphids/17904.jpg,aphids,train
aphids/17907.jpg,aphids,train
aphids/17910.jpg,aphids,val
aphids/17911.jpg,aphids,val
aphids/17913.jpg,aphids,train
aphids/17914.jpg,aphids,train
aphids/17917.jpg,aphids,test
aphids/17918.jpg,aphids,val
aphids/17919.jpg,aphids,train
aphids/17920.jpg,aphids,val
aphids/17921.jpg,aphids,test
aphids/17922.jpg,aphids,train
aphids/17926.jpg,aphids,train
aphids/17927.jpg,aphids,train
aphids/17928.jpg,aphids,train
aphids/17929.jpg,aphids,train
aphids/17930.jpg,aphids,test
aphids/17931.jpg,aphids,train
aphids/17933.jpg,aphids,test
aphids/17934.jpg,aphids,train
aphids/17936.jpg,aphids,train
aphids/17937.jpg,aphids,val
aphids/17939.jpg,aphids,train
aphids/17941.jpg,aphids,train
aphids/17944.jpg,aphids,train
aphids/17945.jpg,aphids,train
aphids/17948.jpg,aphids,val
aphids/17951.jpg,aphids,test
aphids/17952.jpg,aphids,train
aphids/17953.jpg,aphids,train
aphids/17957.jpg,aphids,train
aphids/17958.jpg,aphids,test
aphids/17962.jpg,aphids,train
aphids/17963.jpg,aphids,train
aphids/17964.jpg,aphids,val
aphids/17965.jpg,aphids,train
aphids/17966.jpg,aphids,val
aphids/17967.jpg,aphids,test
aphids/17968.jpg,aphids,train
aphids/17969.jpg,aphids,train
aphids/17970.jpg,aphids,train
aphids/17971.jpg,aphids,train
aphids/17972.jpg,aphids,train
aphids/17973.jpg,aphids,test
aphids/17974.jpg,aphids,train
aphids/17976.jpg,aphids,train
aphids/17977.jpg,aphids,train
aphids/17979.jpg,aphids,train
aphids/17980.jpg,aphids,train
aphids/17981.jpg,aphids,test
aphids/17984.jpg,aphids,train
aphids/17985.jpg,aphids,train
aphids/17987.jpg,aphids,train
aphids/17988.jpg,aphids,train
aphids/17989.jpg,aphids,train
aphids/17991.jpg,aphids,train
aphids/17992.jpg,aphids,train
aphids/17994.jpg,aphids,train
aphids/17995.jpg,aphids,train
aphids/17999.jpg,aphids,train
aphids/18000.jpg,aphids,train
aphids/18001.jpg,aphids,val
aphids/18004.jpg,aphids,test
aphids/18008.jpg,aphids,train
aphids/18009.jpg,aphids,train
aphids/18010.jpg,aphids,val
aphids/18011.jpg,aphids,train
aphids/18012.jpg,aphids,train
aphids/18013.jpg,aphids,train
aphids/18014.jpg,aphids,train
aphids/18015.jpg,aphids,train
aphids/18016.jpg,aphids,train
aphids/18017.jpg,aphids,train
aphids/18019.jpg,aphids,train
aphids/18024.jpg,aphids,train
aphids/18026.jpg,aphids,test
aphids/18028.jpg,aphids,val
aphids/18029.jpg,aphids,train
aphids/18031.jpg,aphids,train
aphids/18035.jpg,aphids,train
aphids/18036.jpg,aphids,test
aphids/18037.jpg,aphids,train
aphids/18038.jpg,aphids,train
aphids/18041.jpg,aphids,train
aphids/18042.jpg,aphids,train
aphids/18043.jpg,aphids,train
aphids/18044.jpg,aphids,train
aphids/18045.jpg,aphids,train
aphids/18046.jpg,aphids,train
aphids/18047.jpg,aphids,train
aphids/18048.jpg,aphids,train
aphids/18051.jpg,aphids,train
aphids/18052.jpg,aphids,test
aphids/18053.jpg,aphids,train
aphids/18055.jpg,aphids,train
aphids/18056.jpg,aphids,train
aphids/18057.jpg,aphids,train
aphids/18058.jpg,aphids,val
aphids/18063.jpg,aphids,train
aphids/18065.jpg,aphids,train
aphids/18066.jpg,aphids,train
aphids/18067.jpg,aphids,test
aphids/18068.jpg,aphids,train
aphids/18069.jpg,aphids,train
aphids/18070.jpg,aphids,train
aphids/18071.jpg,aphids,val
aphids/18075.jpg,aphids,val
aphids/18077.jpg,aphids,train
aphids/18078.jpg,aphids,train
aphids/18079.jpg,aphids,train
aphids/18080.jpg,aphids,train
aphids/18081.jpg,aphids,val
aphids/18082.jpg,aphids,train
aphids/18083.jpg,aphids,train
aphids/18084.jpg,aphids,val
aphids/18085.jpg,aphids,train
aphids/18086.jpg,aphids,train
aphids/18089.jpg,aphids,train
aphids/18092.jpg,aphids,test
aphids/18095.jpg,aphids,test
aphids/18096.jpg,aphids,train
aphids/18097.jpg,aphids,train
aphids/18099.jpg,aphids,train
aphids/18101.jpg,aphids,test
aphids/18102.jpg,aphids,train
aphids/18103.jpg,aphids,train
aphids/18104.jpg,aphids,train
aphids/18106.jpg,aphids,train
aphids/18109.jpg,aphids,train
aphids/18110.jpg,aphids,train
aphids/18113.jpg,aphids,val
aphids/18114.jpg,aphids,train
aphids/18115.jpg,aphids,train
aphids/18117.jpg,aphids,test
aphids/18118.jpg,aphids,val
aphids/18121.jpg,aphids,train
aphids/18122.jpg,aphids,train
aphids/18124.jpg,aphids,train
aphids/18126.jpg,aphids,test
aphids/18128.jpg,aphids,train
aphids/18129.jpg,aphids,train
aphids/18130.jpg,aphids,test
aphids/18131.jpg,aphids,val
aphids/18132.jpg,aphids,train
aphids/18134.jpg,aphids,train
aphids/18135.jpg,aphids,val
aphids/18137.jpg,aphids,train
aphids/18138.jpg,aphids,train
aphids/18140.jpg,aphids,val
aphids/18141.jpg,aphids,train
aphids/18142.jpg,aphids,test
aphids/18145.jpg,aphids,val
aphids/18146.jpg,aphids,val
aphids/18148.jpg,aphids,train
aphids/18149.jpg,aphids,train
aphids/18150.jpg,aphids,test
aphids/18152.jpg,aphids,train
aphids/18154.jpg,aphids,val
aphids/18156.jpg,aphids,train
aphids/18158.jpg,aphids,train
aphids/18163.jpg,aphids,train
aphids/18165.jpg,aphids,val
aphids/18167.jpg,aphids,train
aphids/18171.jpg,aphids,train
aphids/18172.jpg,aphids,val
aphids/18173.jpg,aphids,train
aphids/18174.jpg,aphids,val
aphids/18175.jpg,aphids,train
aphids/18176.jpg,aphids,train
aphids/18181.jpg,aphids,train
aphids/18183.jpg,aphids,train
aphids/18184.jpg,aphids,train
aphids/18185.jpg,aphids,train
aphids/18186.jpg,aphids,test
aphids/18187.jpg,aphids,test
aphids/18188.jpg,aphids,test
aphids/18189.jpg,aphids,val
aphids/18190.jpg,aphids,train
aphids/18191.jpg,aphids,train
aphids/18194.jpg,aphids,train
aphids/18197.jpg,aphids,val
aphids/18199.jpg,aphids,train
aphids/18200.jpg,aphids,val
aphids/18204.jpg,aphids,val
aphids/18205.jpg,aphids,train
aphids/18206.jpg,aphids,train
aphids/18207.jpg,aphids,test
aphids/18208.jpg,aphids,train
aphids/18212.jpg,aphids,train
aphids/18213.jpg,aphids,train
aphids/18214.jpg,aphids,test
aphids/18216.jpg,aphids,test
aphids/18217.jpg,aphids,train
aphids/18218.jpg,aphids,train
aphids/18219.jpg,aphids,train
aphids/18220.jpg,aphids,val
aphids/18221.jpg,aphids,train
aphids/18224.jpg,aphids,train
aphids/18226.jpg,aphids,train
aphids/18227.jpg,aphids,train
aphids/18228.jpg,aphids,test
aphids/18229.jpg,aphids,train
aphids/18232.jpg,aphids,train
aphids/18236.jpg,aphids,test
aphids/18237.jpg,aphids,val
aphids/18238.jpg,aphids,train
aphids/18241.jpg,aphids,test
aphids/18243.jpg,aphids,train
aphids/18247.jpg,aphids,train
aphids/18248.jpg,aphids,train
aphids/18250.jpg,aphids,train
aphids/18255.jpg,aphids,train
aphids/18257.jpg,aphids,train
aphids/18259.jpg,aphids,val
aphids/18260.jpg,aphids,train
aphids/18262.jpg,aphids,train
aphids/18264.jpg,aphids,val
aphids/18265.jpg,aphids,train
aphids/18266.jpg,aphids,train
aphids/18267.jpg,aphids,train
aphids/18268.jpg,aphids,train
aphids/18273.jpg,aphids,test
aphids/18276.jpg,aphids,train
aphids/18277.jpg,aphids,train
aphids/18278.jpg,aphids,val
aphids/18279.jpg,aphids,val
aphids/18280.jpg,aphids,train
aphids/18281.jpg,aphids,train
aphids/18282.jpg,aphids,train
aphids/18283.jpg,aphids,train
aphids/18285.jpg,aphids,val
aphids/18286.jpg,aphids,train
aphids/18289.jpg,aphids,val
aphids/18290.jpg,aphids,train
aphids/18291.jpg,aphids,train
aphids/18292.jpg,aphids,train
aphids/18295.jpg,aphids,train
aphids/18297.jpg,aphids,test
aphids/18298.jpg,aphids,train
aphids/18299.jpg,aphids,train
aphids/18302.jpg,aphids,train
aphids/18305.jpg,aphids,train
aphids/18307.jpg,aphids,train
aphids/18308.jpg,aphids,train
aphids/18309.jpg,aphids,train
aphids/18310.jpg,aphids,test
aphids/18313.jpg,aphids,train
aphids/18315.jpg,aphids,train
aphids/18318.jpg,aphids,train
aphids/18319.jpg,aphids,test
aphids/18321.jpg,aphids,val
aphids/18325.jpg,aphids,test
aphids/18326.jpg,aphids,train
aphids/18327.jpg,aphids,val
aphids/18328.jpg,aphids,train
aphids/18331.jpg,aphids,train
aphids/18334.jpg,aphids,train
aphids/18335.jpg,aphids,test
aphids/18337.jpg,aphids,train
aphids/18338.jpg,aphids,train
aphids/18340.jpg,aphids,test
aphids/18342.jpg,aphids,train
aphids/18344.jpg,aphids,train
aphids/18346.jpg,aphids,train
aphids/18348.jpg,aphids,train
aphids/18350.jpg,aphids,val
aphids/18351.jpg,aphids,val
aphids/18352.jpg,aphids,train
aphids/18353.jpg,aphids,test
aphids/18354.jpg,aphids,val
aphids/18355.jpg,aphids,train
aphids/18357.jpg,aphids,val
aphids/18358.jpg,aphids,test
aphids/18360.jpg,aphids,train
aphids/18361.jpg,aphids,train
aphids/18362.jpg,aphids,train
aphids/18363.jpg,aphids,train
aphids/18364.jpg,aphids,test
aphids/18365.jpg,aphids,train
aphids/18367.jpg,aphids,train
aphids/18368.jpg,aphids,val
aphids/18369.jpg,aphids,train
aphids/18370.jpg,aphids,test
aphids/18371.jpg,aphids,train
aphids/18372.jpg,aphids,train
aphids/18375.jpg,aphids,train
aphids/18377.jpg,aphids,train
aphids/18380.jpg,aphids,val
aphids/18381.jpg,aphids,train
aphids/18382.jpg,aphids,train
aphids/18383.jpg,aphids,test
aphids/18387.jpg,aphids,val
aphids/18391.jpg,aphids,train
aphids/18392.jpg,aphids,train
aphids/18395.jpg,aphids,train
aphids/18398.jpg,aphids,test
aphids/18399.jpg,aphids,train
aphids/18400.jpg,aphids,train
aphids/18401.jpg,aphids,train
aphids/18402.jpg,aphids,train
aphids/18405.jpg,aphids,train
aphids/18406.jpg,aphids,train
aphids/18407.jpg,aphids,train
aphids/18409.jpg,aphids,test
aphids/18411.jpg,aphids,val
aphids/18413.jpg,aphids,train
aphids/18415.jpg,aphids,train
aphids/18416.jpg,aphids,train
aphids/18417.jpg,aphids,train
aphids/18419.jpg,aphids,train
aphids/18420.jpg,aphids,val
aphids/18422.jpg,aphids,train
aphids/18424.jpg,aphids,train
aphids/18426.jpg,aphids,val
aphids/18430.jpg,aphids,train
aphids/18431.jpg,aphids,train
aphids/18432.jpg,aphids,train
aphids/18433.jpg,aphids,train
aphids/18434.jpg,aphids,train
aphids/18435.jpg,aphids,train
aphids/18436.jpg,aphids,train
aphids/18439.jpg,aphids,val
aphids/18440.jpg,aphids,train
aphids/18441.jpg,aphids,train
aphids/18442.jpg,aphids,val
aphids/18443.jpg,aphids,train
aphids/18444.jpg,aphids,test
aphids/18445.jpg,aphids,val
aphids/18446.jpg,aphids,train
aphids/18448.jpg,aphids,train
aphids/18450.jpg,aphids,train
aphids/18452.jpg,aphids,test
aphids/18453.jpg,aphids,train
aphids/18454.jpg,aphids,test
aphids/18455.jpg,aphids,train
aphids/18456.jpg,aphids,train
aphids/18457.jpg,aphids,test
aphids/18458.jpg,aphids,test
aphids/18459.jpg,aphids,train
aphids/18463.jpg,aphids,train
aphids/18464.jpg,aphids,train
aphids/18466.jpg,aphids,test
aphids/18470.jpg,aphids,val
aphids/18471.jpg,aphids,train
aphids/18472.jpg,aphids,train
aphids/18473.jpg,aphids,train
aphids/18477.jpg,aphids,train
aphids/18478.jpg,aphids,train
aphids/18480.jpg,aphids,train
aphids/18484.jpg,aphids,train
aphids/18485.jpg,aphids,train
aphids/18486.jpg,aphids,train
aphids/18488.jpg,aphids,test
aphids/18490.jpg,aphids,val
aphids/18491.jpg,aphids,val
aphids/18492.jpg,aphids,train
aphids/18494.jpg,aphids,train
aphids/18497.jpg,aphids,train
aphids/18498.jpg,aphids,test
aphids/18504.jpg,aphids,train
aphids/18506.jpg,aphids,train
aphids/18509.jpg,aphids,train
aphids/18510.jpg,aphids,train
aphids/18513.jpg,aphids,train
aphids/18514.jpg,aphids,train
aphids/18515.jpg,aphids,test
aphids/18518.jpg,aphids,val
aphids/18520.jpg,aphids,train
aphids/18523.jpg,aphids,train
aphids/18524.jpg,aphids,val
aphids/18525.jpg,aphids,train
aphids/18529.jpg,aphids,test
aphids/18530.jpg,aphids,train
aphids/18532.jpg,aphids,train
aphids/18534.jpg,aphids,train
aphids/18535.jpg,aphids,train
aphids/18537.jpg,aphids,test
aphids/18540.jpg,aphids,train
aphids/18542.jpg,aphids,train
aphids/18543.jpg,aphids,train
aphids/18546.jpg,aphids,val
aphids/18547.jpg,aphids,train
aphids/18550.jpg,aphids,test
aphids/18551.jpg,aphids,train
aphids/18553.jpg,aphids,val
aphids/18555.jpg,aphids,train
aphids/18556.jpg,aphids,train
aphids/18558.jpg,aphids,train
aphids/18559.jpg,aphids,val
aphids/18561.jpg,aphids,train
aphids/18564.jpg,aphids,train
aphids/18565.jpg,aphids,train
aphids/18567.jpg,aphids,train
aphids/18568.jpg,aphids,val
aphids/18572.jpg,aphids,train
aphids/18576.jpg,aphids,train
aphids/18577.jpg,aphids,train
aphids/18578.jpg,aphids,train
aphids/18581.jpg,aphids,train
aphids/18583.jpg,aphids,test
aphids/18584.jpg,aphids,train
aphids/18585.jpg,aphids,test
aphids/18586.jpg,aphids,train
aphids/18587.jpg,aphids,test
aphids/18588.jpg,aphids,train
aphids/18590.jpg,aphids,train
aphids/18592.jpg,aphids,train
aphids/18593.jpg,aphids,val
aphids/18594.jpg,aphids,train
aphids/18595.jpg,aphids,train
aphids/18596.jpg,aphids,test
aphids/18597.jpg,aphids,train
aphids/18600.jpg,aphids,val
aphids/18601.jpg,aphids,train
aphids/18602.jpg,aphids,train
aphids/18603.jpg,aphids,train
aphids/18606.jpg,aphids,train
aphids/18607.jpg,aphids,val
aphids/18608.jpg,aphids,val
aphids/18609.jpg,aphids,train
aphids/18610.jpg,aphids,train
aphids/18611.jpg,aphids,test
aphids/18612.jpg,aphids,test
aphids/18613.jpg,aphids,train
aphids/18616.jpg,aphids,test
aphids/18620.jpg,aphids,val
aphids/18621.jpg,aphids,val
aphids/18623.jpg,aphids,train
aphids/18624.jpg,aphids,train
aphids/18626.jpg,aphids,train
aphids/18627.jpg,aphids,train
aphids/18628.jpg,aphids,train
aphids/18629.jpg,aphids,train
aphids/18630.jpg,aphids,train
aphids/18632.jpg,aphids,train
aphids/18634.jpg,aphids,train
aphids/18635.jpg,aphids,test
aphids/18636.jpg,aphids,test
aphids/18639.jpg,aphids,val
aphids/18642.jpg,aphids,train
aphids/18643.jpg,aphids,train
aphids/18644.jpg,aphids,train
aphids/18647.jpg,aphids,train
aphids/18648.jpg,aphids,val
aphids/18650.jpg,aphids,train
aphids/18651.jpg,aphids,train
aphids/18652.jpg,aphids,val
aphids/18655.jpg,aphids,val
aphids/18656.jpg,aphids,test
aphids/18657.jpg,aphids,test
aphids/18658.jpg,aphids,test
aphids/18659.jpg,aphids,test
aphids/18661.jpg,aphids,val
aphids/18662.jpg,aphids,train
aphids/18663.jpg,aphids,train
aphids/18664.jpg,aphids,train
aphids/18666.jpg,aphids,train
aphids/18667.jpg,aphids,train
aphids/18668.jpg,aphids,train
aphids/18671.jpg,aphids,train
aphids/18673.jpg,aphids,train
aphids/18674.jpg,aphids,val
aphids/18675.jpg,aphids,test
aphids/18676.jpg,aphids,train
aphids/18677.jpg,aphids,val
aphids/18678.jpg,aphids,train
aphids/18679.jpg,aphids,train
aphids/18682.jpg,aphids,test
aphids/18683.jpg,aphids,train
aphids/18686.jpg,aphids,train
aphids/18687.jpg,aphids,train
aphids/18688.jpg,aphids,train
aphids/18689.jpg,aphids,train
aphids/18690.jpg,aphids,val
aphids/18693.jpg,aphids,train
aphids/18694.jpg,aphids,train
aphids/18695.jpg,aphids,train
aphids/18700.jpg,aphids,train
aphids/18701.jpg,aphids,test
aphids/18705.jpg,aphids,train
aphids/18709.jpg,aphids,val
aphids/18710.jpg,aphids,train
aphids/18711.jpg,aphids,train
aphids/18714.jpg,aphids,train
aphids/18717.jpg,aphids,train
aphids/18718.jpg,aphids,test
aphids/18719.jpg,aphids,test
aphids/18720.jpg,aphids,train
aphids/18721.jpg,aphids,train
aphids/18722.jpg,aphids,train
aphids/18725.jpg,aphids,train
aphids/18728.jpg,aphids,train
aphids/18729.jpg,aphids,train
aphids/18730.jpg,aphids,train
aphids/18731.jpg,aphids,train
aphids/18733.jpg,aphids,val
aphids/18734.jpg,aphids,train
aphids/18738.jpg,aphids,train
aphids/18739.jpg,aphids,train
aphids/18741.jpg,aphids,val
aphids/18742.jpg,aphids,train
aphids/18743.jpg,aphids,test
aphids/18745.jpg,aphids,train
aphids/18747.jpg,aphids,test
aphids/18748.jpg,aphids,val
aphids/18749.jpg,aphids,train
aphids/18751.jpg,aphids,train
aphids/18752.jpg,aphids,train
aphids/18755.jpg,aphids,train
aphids/18756.jpg,aphids,train
aphids/18757.jpg,aphids,train
aphids/18759.jpg,aphids,train
aphids/18760.jpg,aphids,train
aphids/18761.jpg,aphids,val
aphids/18762.jpg,aphids,train
aphids/18763.jpg,aphids,train
aphids/18766.jpg,aphids,train
aphids/18768.jpg,aphids,train
aphids/18770.jpg,aphids,test
aphids/18771.jpg,aphids,train
aphids/18774.jpg,aphids,train
aphids/18776.jpg,aphids,train
aphids/18778.jpg,aphids,train
aphids/18779.jpg,aphids,train
aphids/18780.jpg,aphids,test
aphids/18781.jpg,aphids,train
aphids/18782.jpg,aphids,test
aphids/18784.jpg,aphids,train
aphids/18786.jpg,aphids,train
aphids/18788.jpg,aphids,train
aphids/18790.jpg,aphids,train
aphids/18791.jpg,aphids,train
aphids/18792.jpg,aphids,train
aphids/18793.jpg,aphids,train
aphids/18795.jpg,aphids,train
aphids/18798.jpg,aphids,test
aphids/18799.jpg,aphids,train
aphids/18800.jpg,aphids,train
aphids/18801.jpg,aphids,train
aphids/18803.jpg,aphids,train
aphids/18804.jpg,aphids,train
aphids/18806.jpg,aphids,test
aphids/18807.jpg,aphids,test
aphids/18810.jpg,aphids,train
aphids/18812.jpg,aphids,train
aphids/18813.jpg,aphids,test
aphids/18814.jpg,aphids,test
aphids/18816.jpg,aphids,train
aphids/18817.jpg,aphids,test
aphids/18818.jpg,aphids,train
aphids/18820.jpg,aphids,val
aphids/18823.jpg,aphids,val
aphids/18824.jpg,aphids,train
aphids/18825.jpg,aphids,val
aphids/18827.jpg,aphids,train
aphids/18830.jpg,aphids,train
aphids/18832.jpg,aphids,test
aphids/18833.jpg,aphids,val
aphids/18834.jpg,aphids,train
aphids/18835.jpg,aphids,test
aphids/18836.jpg,aphids,train
aphids/18839.jpg,aphids,test
aphids/18842.jpg,aphids,train
aphids/18843.jpg,aphids,train
aphids/18844.jpg,aphids,train
aphids/18845.jpg,aphids,val
aphids/18852.jpg,aphids,train
aphids/18859.jpg,aphids,train
aphids/18860.jpg,aphids,train
aphids/18861.jpg,aphids,train
aphids/18862.jpg,aphids,train
aphids/18865.jpg,aphids,train
aphids/18872.jpg,aphids,test
aphids/18873.jpg,aphids,test
aphids/18874.jpg,aphids,train
aphids/18875.jpg,aphids,train
aphids/18877.jpg,aphids,train
aphids/18879.jpg,aphids,train
aphids/18880.jpg,aphids,train
aphids/18881.jpg,aphids,val
aphids/18883.jpg,aphids,train
aphids/18884.jpg,aphids,train
aphids/18885.jpg,aphids,train
aphids/18886.jpg,aphids,train
aphids/18888.jpg,aphids,train
aphids/18889.jpg,aphids,val
aphids/18891.jpg,aphids,train
aphids/18892.jpg,aphids,train
aphids/18893.jpg,aphids,train
aphids/18894.jpg,aphids,train
aphids/18895.jpg,aphids,train
aphids/18896.jpg,aphids,train
aphids/18897.jpg,aphids,train
aphids/18898.jpg,aphids,train
aphids/18900.jpg,aphids,val
aphids/18903.jpg,aphids,train
aphids/18905.jpg,aphids,train
aphids/18908.jpg,aphids,train
aphids/18910.jpg,aphids,train
aphids/18912.jpg,aphids,test
aphids/18913.jpg,aphids,val
aphids/18914.jpg,aphids,train
aphids/18917.jpg,aphids,train
aphids/18919.jpg,aphids,train
aphids/18920.jpg,aphids,train
aphids/18922.jpg,aphids,train
aphids/18924.jpg,aphids,train
aphids/18925.jpg,aphids,train
aphids/18926.jpg,aphids,val
aphids/18928.jpg,aphids,train
aphids/18931.jpg,aphids,val
aphids/18933.jpg,aphids,train
aphids/18935.jpg,aphids,train
aphids/18936.jpg,aphids,train
aphids/18937.jpg,aphids,train
aphids/18938.jpg,aphids,train
aphids/18939.jpg,aphids,test
aphids/18940.jpg,aphids,test
aphids/18944.jpg,aphids,train
aphids/18947.jpg,aphids,val
aphids/18949.jpg,aphids,test
aphids/18952.jpg,aphids,test
aphids/18953.jpg,aphids,train
aphids/18954.jpg,aphids,val
aphids/18956.jpg,aphids,train
aphids/18957.jpg,aphids,train
aphids/18958.jpg,aphids,val
aphids/18959.jpg,aphids,val
aphids/18960.jpg,aphids,train
aphids/18961.jpg,aphids,train
aphids/18962.jpg,aphids,val
aphids/18965.jpg,aphids,train
aphids/18966.jpg,aphids,train
aphids/18968.jpg,aphids,test
aphids/18969.jpg,aphids,train
aphids/18970.jpg,aphids,train
aphids/18971.jpg,aphids,train
aphids/18972.jpg,aphids,train
aphids/18973.jpg,aphids,train
aphids/18974.jpg,aphids,test
aphids/18977.jpg,aphids,val
aphids/18978.jpg,aphids,train
aphids/18980.jpg,aphids,train
aphids/18981.jpg,aphids,train
aphids/18982.jpg,aphids,train
aphids/18985.jpg,aphids,val
aphids/18986.jpg,aphids,train
aphids/18987.jpg,aphids,train
aphids/18988.jpg,aphids,test
aphids/18990.jpg,aphids,train
aphids/18991.jpg,aphids,val
aphids/18992.jpg,aphids,train
aphids/18993.jpg,aphids,train
aphids/18994.jpg,aphids,test
aphids/18996.jpg,aphids,train
aphids/18998.jpg,aphids,train
aphids/19000.jpg,aphids,train
aphids/19003.jpg,aphids,train
aphids/19005.jpg,aphids,val
aphids/19006.jpg,aphids,test
aphids/19007.jpg,aphids,val
aphids/19008.jpg,aphids,train
aphids/19009.jpg,aphids,test
aphids/19010.jpg,aphids,train
aphids/19011.jpg,aphids,train
aphids/19013.jpg,aphids,train
aphids/19014.jpg,aphids,test
aphids/19015.jpg,aphids,train
aphids/19017.jpg,aphids,train
aphids/19018.jpg,aphids,train
aphids/19019.jpg,aphids,train
aphids/19020.jpg,aphids,train
aphids/19022.jpg,aphids,train
aphids/19023.jpg,aphids,train
aphids/19024.jpg,aphids,train
aphids/19025.jpg,aphids,train
aphids/19029.jpg,aphids,train
aphids/19030.jpg,aphids,train
aphids/19035.jpg,aphids,train
aphids/19037.jpg,aphids,train
aphids/19038.jpg,aphids,train
aphids/19040.jpg,aphids,train
aphids/19041.jpg,aphids,train
aphids/19043.jpg,aphids,train
aphids/19044.jpg,aphids,test
aphids/19048.jpg,aphids,train
aphids/19049.jpg,aphids,train
aphids/19050.jpg,aphids,val
aphids/19051.jpg,aphids,train
aphids/19056.jpg,aphids,train
aphids/19057.jpg,aphids,val
aphids/19058.jpg,aphids,train
aphids/19060.jpg,aphids,val
aphids/19061.jpg,aphids,train
aphids/19063.jpg,aphids,train
aphids/19064.jpg,aphids,train
aphids/19067.jpg,aphids,val
aphids/19068.jpg,aphids,train
aphids/19069.jpg,aphids,train
aphids/19073.jpg,aphids,train
aphids/19075.jpg,aphids,test
aphids/19077.jpg,aphids,train
aphids/19078.jpg,aphids,train
aphids/19079.jpg,aphids,train
aphids/19080.jpg,aphids,train
aphids/19081.jpg,aphids,val
aphids/19082.jpg,aphids,test
aphids/19084.jpg,aphids,train
aphids/19086.jpg,aphids,train
aphids/19087.jpg,aphids,test
aphids/19088.jpg,aphids,train
aphids/19089.jpg,aphids,test
aphids/19093.jpg,aphids,train
aphids/19096.jpg,aphids,test
aphids/19097.jpg,aphids,train
aphids/19098.jpg,aphids,val
aphids/19099.jpg,aphids,train
aphids/19101.jpg,aphids,train
aphids/19102.jpg,aphids,train
aphids/19103.jpg,aphids,train
aphids/19104.jpg,aphids,test
aphids/19105.jpg,aphids,test
aphids/19106.jpg,aphids,train
aphids/19107.jpg,aphids,train
aphids/19108.jpg,aphids,train
aphids/19109.jpg,aphids,train
aphids/19111.jpg,aphids,train
aphids/19113.jpg,aphids,train
aphids/19115.jpg,aphids,train
aphids/19116.jpg,aphids,train
aphids/19118.jpg,aphids,test
aphids/19122.jpg,aphids,val
aphids/19123.jpg,aphids,train
aphids/19125.jpg,aphids,test
aphids/19129.jpg,aphids,train
aphids/19130.jpg,aphids,test
aphids/19131.jpg,aphids,train
aphids/19132.jpg,aphids,train
aphids/19134.jpg,aphids,train
aphids/19135.jpg,aphids,train
aphids/19137.jpg,aphids,train
aphids/19138.jpg,aphids,train
aphids/19142.jpg,aphids,train
aphids/19144.jpg,aphids,val
aphids/19145.jpg,aphids,train
aphids/19146.jpg,aphids,train
aphids/19147.jpg,aphids,train
aphids/19149.jpg,aphids,train
aphids/19151.jpg,aphids,test
aphids/19152.jpg,aphids,test
aphids/19153.jpg,aphids,val
aphids/19154.jpg,aphids,train
aphids/19155.jpg,aphids,train
aphids/19156.jpg,aphids,train
aphids/19158.jpg,aphids,test
aphids/19161.jpg,aphids,val
aphids/19163.jpg,aphids,test
aphids/19164.jpg,aphids,train
aphids/19165.jpg,aphids,test
aphids/19166.jpg,aphids,train
aphids/19167.jpg,aphids,train
aphids/19170.jpg,aphids,train
aphids/19171.jpg,aphids,train
aphids/19173.jpg,aphids,test
aphids/19174.jpg,aphids,test
aphids/19175.jpg,aphids,val
aphids/19177.jpg,aphids,val
aphids/19178.jpg,aphids,test
aphids/19181.jpg,aphids,train
aphids/19183.jpg,aphids,test
aphids/19185.jpg,aphids,train
aphids/19186.jpg,aphids,train
aphids/19187.jpg,aphids,train
aphids/19189.jpg,aphids,train
aphids/19193.jpg,aphids,train
aphids/19197.jpg,aphids,val
aphids/19198.jpg,aphids,train
aphids/19199.jpg,aphids,test
aphids/19200.jpg,aphids,val
aphids/19202.jpg,aphids,test
aphids/19203.jpg,aphids,train
aphids/19204.jpg,aphids,train
aphids/19205.jpg,aphids,test
aphids/19206.jpg,aphids,val
aphids/19207.jpg,aphids,train
aphids/19208.jpg,aphids,train
aphids/19209.jpg,aphids,train
aphids/19211.jpg,aphids,train
aphids/19214.jpg,aphids,train
aphids/19215.jpg,aphids,train
aphids/19216.jpg,aphids,train
aphids/19218.jpg,aphids,train
aphids/19221.jpg,aphids,train
aphids/19222.jpg,aphids,train
aphids/19226.jpg,aphids,train
aphids/19228.jpg,aphids,train
aphids/19229.jpg,aphids,train
aphids/19230.jpg,aphids,train
aphids/19231.jpg,aphids,train
aphids/19234.jpg,aphids,val
aphids/19237.jpg,aphids,test
aphids/19238.jpg,aphids,val
aphids/19239.jpg,aphids,val
aphids/19240.jpg,aphids,train
aphids/19241.jpg,aphids,val
aphids/19242.jpg,aphids,train
aphids/19243.jpg,aphids,train
aphids/19248.jpg,aphids,train
aphids/19249.jpg,aphids,test
aphids/19251.jpg,aphids,train
aphids/19252.jpg,aphids,train
aphids/19253.jpg,aphids,test
aphids/19254.jpg,aphids,train
aphids/19255.jpg,aphids,val
aphids/19256.jpg,aphids,val
aphids/19258.jpg,aphids,train
aphids/19261.jpg,aphids,train
aphids/19263.jpg,aphids,train
aphids/19264.jpg,aphids,train
aphids/19266.jpg,aphids,test
aphids/19269.jpg,aphids,val
aphids/19274.jpg,aphids,test
aphids/19275.jpg,aphids,train
aphids/19277.jpg,aphids,train
aphids/19278.jpg,aphids,train
aphids/19280.jpg,aphids,train
aphids/19281.jpg,aphids,train
aphids/19283.jpg,aphids,train
aphids/19285.jpg,aphids,train
aphids/19287.jpg,aphids,train
aphids/19288.jpg,aphids,train
aphids/19290.jpg,aphids,train
aphids/19291.jpg,aphids,train
aphids/19292.jpg,aphids,train
aphids/19294.jpg,aphids,train
aphids/19297.jpg,aphids,train
aphids/19299.jpg,aphids,train
aphids/19300.jpg,aphids,train
aphids/19301.jpg,aphids,train
aphids/19303.jpg,aphids,train
aphids/19305.jpg,aphids,train
aphids/19306.jpg,aphids,train
aphids/19307.jpg,aphids,train
aphids/19309.jpg,aphids,train
aphids/19313.jpg,aphids,test
aphids/19314.jpg,aphids,train
aphids/19315.jpg,aphids,train
aphids/19322.jpg,aphids,test
aphids/19324.jpg,aphids,train
aphids/19325.jpg,aphids,val
aphids/19327.jpg,aphids,train
aphids/19328.jpg,aphids,train
aphids/19329.jpg,aphids,test
aphids/19330.jpg,aphids,train
aphids/19331.jpg,aphids,train
aphids/19333.jpg,aphids,train
aphids/19339.jpg,aphids,train
aphids/19341.jpg,aphids,train
aphids/19344.jpg,aphids,train
aphids/19346.jpg,aphids,train
aphids/19348.jpg,aphids,test
aphids/19349.jpg,aphids,test
aphids/19352.jpg,aphids,test
aphids/19353.jpg,aphids,train
aphids/19355.jpg,aphids,train
aphids/19357.jpg,aphids,train
aphids/19359.jpg,aphids,train
aphids/19361.jpg,aphids,train
aphids/19362.jpg,aphids,test
aphids/19364.jpg,aphids,train
aphids/19365.jpg,aphids,train
aphids/19366.jpg,aphids,train
aphids/19367.jpg,aphids,train
aphids/19368.jpg,aphids,train
aphids/19371.jpg,aphids,train
aphids/19374.jpg,aphids,train
aphids/19375.jpg,aphids,test
aphids/19376.jpg,aphids,test
aphids/19377.jpg,aphids,train
aphids/19378.jpg,aphids,test
aphids/19379.jpg,aphids,train
aphids/19381.jpg,aphids,train
aphids/19382.jpg,aphids,val
aphids/19383.jpg,aphids,test
aphids/19384.jpg,aphids,val
aphids/19385.jpg,aphids,train
aphids/19386.jpg,aphids,train
aphids/19388.jpg,aphids,train
aphids/19389.jpg,aphids,train
aphids/19390.jpg,aphids,train
aphids/19392.jpg,aphids,train
aphids/19393.jpg,aphids,train
aphids/19394.jpg,aphids,train
aphids/19397.jpg,aphids,train
aphids/19398.jpg,aphids,val
aphids/19402.jpg,aphids,val
aphids/19403.jpg,aphids,val
aphids/19404.jpg,aphids,train
aphids/19406.jpg,aphids,train
aphids/19408.jpg,aphids,train
aphids/19410.jpg,aphids,train
aphids/19411.jpg,aphids,train
aphids/19413.jpg,aphids,train
aphids/19414.jpg,aphids,train
aphids/19417.jpg,aphids,train
aphids/19418.jpg,aphids,test
aphids/19422.jpg,aphids,train
aphids/19423.jpg,aphids,train
aphids/19424.jpg,aphids,train
aphids/19425.jpg,aphids,train
aphids/19426.jpg,aphids,train
aphids/19428.jpg,aphids,train
aphids/19430.jpg,aphids,val
aphids/19431.jpg,aphids,test
aphids/19432.jpg,aphids,train
aphids/19433.jpg,aphids,val
aphids/19434.jpg,aphids,train
aphids/19438.jpg,aphids,train
aphids/19440.jpg,aphids,val
aphids/19443.jpg,aphids,train
aphids/19445.jpg,aphids,train
aphids/19446.jpg,aphids,val
aphids/19447.jpg,aphids,train
aphids/19449.jpg,aphids,test
aphids/19451.jpg,aphids,test
aphids/19452.jpg,aphids,train
aphids/19454.jpg,aphids,test
aphids/19455.jpg,aphids,train
aphids/19456.jpg,aphids,train
aphids/19457.jpg,aphids,train
aphids/19458.jpg,aphids,train
aphids/19459.jpg,aphids,train
aphids/19460.jpg,aphids,train
aphids/19463.jpg,aphids,train
aphids/19464.jpg,aphids,train
aphids/19465.jpg,aphids,train
aphids/19467.jpg,aphids,train
aphids/19469.jpg,aphids,train
aphids/19471.jpg,aphids,train
aphids/19472.jpg,aphids,train
aphids/19473.jpg,aphids,test
aphids/19474.jpg,aphids,train
aphids/19475.jpg,aphids,val
aphids/19476.jpg,aphids,test
aphids/19478.jpg,aphids,train
aphids/19479.jpg,aphids,train
aphids/19480.jpg,aphids,train
aphids/19481.jpg,aphids,test
aphids/19482.jpg,aphids,val
aphids/19484.jpg,aphids,val
aphids/19485.jpg,aphids,val
aphids/19486.jpg,aphids,train
aphids/19489.jpg,aphids,train
aphids/19490.jpg,aphids,train
aphids/19491.jpg,aphids,train
aphids/19492.jpg,aphids,test
aphids/19494.jpg,aphids,val
aphids/19495.jpg,aphids,val
aphids/19497.jpg,aphids,train
aphids/19498.jpg,aphids,test
aphids/19499.jpg,aphids,train
aphids/19500.jpg,aphids,test
aphids/19503.jpg,aphids,train
aphids/19504.jpg,aphids,train
aphids/19507.jpg,aphids,train
aphids/19508.jpg,aphids,val
aphids/19509.jpg,aphids,train
aphids/19510.jpg,aphids,train
aphids/19512.jpg,aphids,train
aphids/19513.jpg,aphids,train
aphids/19514.jpg,aphids,val
aphids/19515.jpg,aphids,train
aphids/19516.jpg,aphids,train
aphids/19517.jpg,aphids,val
aphids/19518.jpg,aphids,train
aphids/19519.jpg,aphids,test
aphids/19521.jpg,aphids,train
aphids/19522.jpg,aphids,train
aphids/19523.jpg,aphids,train
aphids/19524.jpg,aphids,train
aphids/19525.jpg,aphids,train
aphids/19526.jpg,aphids,train
aphids/19527.jpg,aphids,train
aphids/19528.jpg,aphids,test
aphids/19535.jpg,aphids,train
aphids/19536.jpg,aphids,train
aphids/19537.jpg,aphids,train
aphids/19538.jpg,aphids,train
aphids/19539.jpg,aphids,train
aphids/19540.jpg,aphids,train
aphids/19541.jpg,aphids,train
aphids/19543.jpg,aphids,train
aphids/19545.jpg,aphids,train
aphids/19546.jpg,aphids,val
aphids/19547.jpg,aphids,test
aphids/19548.jpg,aphids,train
aphids/19550.jpg,aphids,val
aphids/19551.jpg,aphids,train
aphids/19552.jpg,aphids,train
aphids/19554.jpg,aphids,train
aphids/19556.jpg,aphids,test
aphids/19557.jpg,aphids,train
aphids/19559.jpg,aphids,train
aphids/19560.jpg,aphids,test
aphids/19561.jpg,aphids,train
aphids/19562.jpg,aphids,val
aphids/19565.jpg,aphids,train
aphids/19570.jpg,aphids,train
aphids/19571.jpg,aphids,train
aphids/19572.jpg,aphids,train
aphids/19573.jpg,aphids,train
aphids/19577.jpg,aphids,train
aphids/19578.jpg,aphids,train
aphids/19579.jpg,aphids,train
aphids/19580.jpg,aphids,train
aphids/19585.jpg,aphids,val
aphids/19590.jpg,aphids,train
aphids/19592.jpg,aphids,train
aphids/19594.jpg,aphids,train
aphids/19596.jpg,aphids,train
aphids/19598.jpg,aphids,train
aphids/19599.jpg,aphids,val
aphids/19600.jpg,aphids,train
aphids/19602.jpg,aphids,train
aphids/19603.jpg,aphids,val
aphids/19605.jpg,aphids,train
aphids/19607.jpg,aphids,test
aphids/19610.jpg,aphids,train
aphids/19611.jpg,aphids,train
aphids/19613.jpg,aphids,train
aphids/19616.jpg,aphids,test
aphids/19617.jpg,aphids,test
aphids/19620.jpg,aphids,test
aphids/19621.jpg,aphids,train
aphids/19622.jpg,aphids,train
aphids/19623.jpg,aphids,train
aphids/19625.jpg,aphids,val
aphids/19628.jpg,aphids,train
aphids/19630.jpg,aphids,test
aphids/19631.jpg,aphids,train
aphids/19632.jpg,aphids,val
aphids/19633.jpg,aphids,train
aphids/19638.jpg,aphids,val
aphids/19641.jpg,aphids,val
aphids/19643.jpg,aphids,train
aphids/19644.jpg,aphids,train
aphids/19646.jpg,aphids,train
aphids/19647.jpg,aphids,val
aphids/19649.jpg,aphids,train
aphids/19653.jpg,aphids,train
aphids/19659.jpg,aphids,val
aphids/19660.jpg,aphids,train
aphids/19661.jpg,aphids,val
aphids/19664.jpg,aphids,train
aphids/19666.jpg,aphids,train
aphids/19667.jpg,aphids,train
aphids/19669.jpg,aphids,train
aphids/19671.jpg,aphids,train
aphids/19672.jpg,aphids,val
aphids/19674.jpg,aphids,train
aphids/19675.jpg,aphids,train
aphids/19676.jpg,aphids,val
aphids/19677.jpg,aphids,train
aphids/19678.jpg,aphids,train
aphids/19680.jpg,aphids,train
aphids/19682.jpg,aphids,val
aphids/19683.jpg,aphids,train
aphids/19684.jpg,aphids,train
aphids/19685.jpg,aphids,test
aphids/19686.jpg,aphids,train
aphids/19687.jpg,aphids,train
aphids/19688.jpg,aphids,train
aphids/19690.jpg,aphids,train
aphids/19691.jpg,aphids,train
aphids/19692.jpg,aphids,val
aphids/19694.jpg,aphids,train
aphids/19696.jpg,aphids,train
aphids/19697.jpg,aphids,test
aphids/19698.jpg,aphids,val
aphids/19701.jpg,aphids,train
aphids/19703.jpg,aphids,test
aphids/19705.jpg,aphids,test
aphids/19706.jpg,aphids,train
aphids/19709.jpg,aphids,train
aphids/19711.jpg,aphids,train
aphids/19712.jpg,aphids,train
aphids/19713.jpg,aphids,train
aphids/19714.jpg,aphids,train
aphids/19715.jpg,aphids,val
aphids/19716.jpg,aphids,train
aphids/19717.jpg,aphids,val
aphids/19719.jpg,aphids,train
aphids/19721.jpg,aphids,val
aphids/19724.jpg,aphids,train
aphids/19727.jpg,aphids,train
aphids/19729.jpg,aphids,test
aphids/19732.jpg,aphids,train
aphids/19733.jpg,aphids,val
aphids/19734.jpg,aphids,train
aphids/19735.jpg,aphids,train
aphids/19736.jpg,aphids,train
aphids/19737.jpg,aphids,test
aphids/19738.jpg,aphids,train
aphids/19739.jpg,aphids,train
aphids/19740.jpg,aphids,train
aphids/19742.jpg,aphids,train
aphids/19743.jpg,aphids,train
aphids/19744.jpg,aphids,train
aphids/19745.jpg,aphids,train
aphids/19747.jpg,aphids,train
aphids/19749.jpg,aphids,val
aphids/19750.jpg,aphids,train
aphids/19751.jpg,aphids,train
aphids/19752.jpg,aphids,train
aphids/19755.jpg,aphids,train
aphids/19756.jpg,aphids,train
aphids/19757.jpg,aphids,train
aphids/19758.jpg,aphids,train
aphids/19759.jpg,aphids,train
aphids/19760.jpg,aphids,test
aphids/19761.jpg,aphids,train
aphids/19763.jpg,aphids,train
aphids/19764.jpg,aphids,train
aphids/19765.jpg,aphids,test
aphids/19766.jpg,aphids,val
aphids/19767.jpg,aphids,train
aphids/19769.jpg,aphids,train
aphids/19770.jpg,aphids,train
aphids/19771.jpg,aphids,train
aphids/19775.jpg,aphids,train
aphids/19776.jpg,aphids,train
aphids/19777.jpg,aphids,test
aphids/19778.jpg,aphids,test
aphids/19779.jpg,aphids,train
aphids/19781.jpg,aphids,val
aphids/19784.jpg,aphids,train
aphids/19785.jpg,aphids,train
aphids/19786.jpg,aphids,val
aphids/19787.jpg,aphids,train
aphids/19789.jpg,aphids,train
aphids/19792.jpg,aphids,train
aphids/19793.jpg,aphids,test
aphids/19795.jpg,aphids,train
aphids/19796.jpg,aphids,val
aphids/19798.jpg,aphids,train
aphids/19799.jpg,aphids,train
aphids/19800.jpg,aphids,train
aphids/19801.jpg,aphids,val
aphids/19802.jpg,aphids,train
aphids/19804.jpg,aphids,val
aphids/19805.jpg,aphids,train
aphids/19807.jpg,aphids,train
aphids/19811.jpg,aphids,train
aphids/19812.jpg,aphids,train
aphids/19814.jpg,aphids,train
aphids/19815.jpg,aphids,train
aphids/19816.jpg,aphids,train
aphids/19817.jpg,aphids,train
aphids/19819.jpg,aphids,val
aphids/19821.jpg,aphids,train
aphids/19822.jpg,aphids,train
aphids/19823.jpg,aphids,train
aphids/19827.jpg,aphids,train
aphids/19828.jpg,aphids,test
aphids/19829.jpg,aphids,train
aphids/19830.jpg,aphids,train
aphids/19832.jpg,aphids,train
aphids/19833.jpg,aphids,test
aphids/19834.jpg,aphids,train
aphids/19835.jpg,aphids,val
aphids/19838.jpg,aphids,train
aphids/19839.jpg,aphids,train
aphids/19841.jpg,aphids,train
aphids/19842.jpg,aphids,train
aphids/19843.jpg,aphids,train
aphids/19844.jpg,aphids,val
aphids/19846.jpg,aphids,val
aphids/19847.jpg,aphids,train
aphids/19848.jpg,aphids,val
aphids/19849.jpg,aphids,train
aphids/19850.jpg,aphids,train
aphids/19851.jpg,aphids,train
aphids/19853.jpg,aphids,train
aphids/19854.jpg,aphids,train
aphids/19855.jpg,aphids,train
aphids/19856.jpg,aphids,train
aphids/19858.jpg,aphids,test
aphids/19862.jpg,aphids,train
aphids/19863.jpg,aphids,train
aphids/19864.jpg,aphids,val
aphids/19865.jpg,aphids,train
aphids/19866.jpg,aphids,test
aphids/19867.jpg,aphids,train
aphids/19877.jpg,aphids,train
aphids/19878.jpg,aphids,train
aphids/19880.jpg,aphids,test
aphids/19881.jpg,aphids,train
aphids/19882.jpg,aphids,train
aphids/19884.jpg,aphids,train
aphids/19886.jpg,aphids,train
aphids/19887.jpg,aphids,train
aphids/19891.jpg,aphids,train
aphids/19892.jpg,aphids,train
aphids/19893.jpg,aphids,train
aphids/19894.jpg,aphids,test
aphids/19895.jpg,aphids,test
aphids/19896.jpg,aphids,test
aphids/19897.jpg,aphids,train
aphids/19898.jpg,aphids,train
aphids/19899.jpg,aphids,train
aphids/19900.jpg,aphids,train
aphids/19902.jpg,aphids,train
aphids/19904.jpg,aphids,train
aphids/19905.jpg,aphids,test
aphids/19906.jpg,aphids,test
aphids/19907.jpg,aphids,val
aphids/19908.jpg,aphids,train
aphids/19911.jpg,aphids,train
aphids/19913.jpg,aphids,train
aphids/19919.jpg,aphids,train
aphids/19921.jpg,aphids,train
aphids/19924.jpg,aphids,val
aphids/19926.jpg,aphids,train
aphids/19927.jpg,aphids,train
aphids/19929.jpg,aphids,train
aphids/19931.jpg,aphids,val
aphids/19932.jpg,aphids,train
aphids/19933.jpg,aphids,train
aphids/19934.jpg,aphids,test
aphids/19935.jpg,aphids,val
aphids/19937.jpg,aphids,val
aphids/19938.jpg,aphids,val
aphids/19941.jpg,aphids,train
aphids/19942.jpg,aphids,train
aphids/19943.jpg,aphids,train
aphids/19945.jpg,aphids,test
aphids/19947.jpg,aphids,train
aphids/19948.jpg,aphids,train
aphids/19949.jpg,aphids,train
aphids/19952.jpg,aphids,train
aphids/19953.jpg,aphids,train
aphids/19954.jpg,aphids,val
aphids/19956.jpg,aphids,train
aphids/19957.jpg,aphids,train
aphids/19958.jpg,aphids,train
aphids/19960.jpg,aphids,train
aphids/19963.jpg,aphids,train
aphids/19965.jpg,aphids,train
aphids/19966.jpg,aphids,train
aphids/19968.jpg,aphids,train
aphids/19969.jpg,aphids,train
aphids/19970.jpg,aphids,train
aphids/19971.jpg,aphids,val
aphids/19974.jpg,aphids,val
aphids/19975.jpg,aphids,val
aphids/19979.jpg,aphids,val
aphids/19982.jpg,aphids,train
aphids/19983.jpg,aphids,train
aphids/19985.jpg,aphids,train
aphids/19989.jpg,aphids,train
aphids/19990.jpg,aphids,train
aphids/19991.jpg,aphids,test
aphids/19992.jpg,aphids,test
aphids/19993.jpg,aphids,test
aphids/19994.jpg,aphids,test
aphids/19995.jpg,aphids,train
aphids/19996.jpg,aphids,train
aphids/19999.jpg,aphids,train
aphids/20007.jpg,aphids,val
aphids/20010.jpg,aphids,test
aphids/20011.jpg,aphids,test
aphids/20012.jpg,aphids,val
aphids/20013.jpg,aphids,test
aphids/20015.jpg,aphids,val
aphids/20018.jpg,aphids,test
aphids/20020.jpg,aphids,train
aphids/20024.jpg,aphids,train
aphids/20025.jpg,aphids,train
aphids/20027.jpg,aphids,train
aphids/20028.jpg,aphids,test
aphids/20029.jpg,aphids,test
aphids/20033.jpg,aphids,train
aphids/20039.jpg,aphids,train
aphids/20041.jpg,aphids,val
aphids/20044.jpg,aphids,test
aphids/20045.jpg,aphids,test
aphids/20046.jpg,aphids,train
aphids/20047.jpg,aphids,train
aphids/20049.jpg,aphids,train
aphids/20051.jpg,aphids,test
aphids/20052.jpg,aphids,train
aphids/20053.jpg,aphids,test
aphids/20054.jpg,aphids,test
aphids/20055.jpg,aphids,test
aphids/20057.jpg,aphids,train
aphids/20059.jpg,aphids,train
aphids/20060.jpg,aphids,train
aphids/20065.jpg,aphids,train
aphids/20070.jpg,aphids,train
aphids/20074.jpg,aphids,val
aphids/20077.jpg,aphids,train
aphids/20080.jpg,aphids,train
aphids/20081.jpg,aphids,train
aphids/20082.jpg,aphids,train
aphids/20083.jpg,aphids,test
aphids/20085.jpg,aphids,train
aphids/20086.jpg,aphids,train
aphids/20088.jpg,aphids,train
aphids/20091.jpg,aphids,train
aphids/20093.jpg,aphids,train
aphids/20094.jpg,aphids,train
aphids/20095.jpg,aphids,test
aphids/20096.jpg,aphids,train
aphids/20099.jpg,aphids,train
aphids/20100.jpg,aphids,train
aphids/20101.jpg,aphids,val
aphids/20102.jpg,aphids,val
aphids/20105.jpg,aphids,test
aphids/20106.jpg,aphids,train
aphids/20107.jpg,aphids,train
aphids/20108.jpg,aphids,train
aphids/20110.jpg,aphids,val
aphids/20111.jpg,aphids,test
aphids/20112.jpg,aphids,test
aphids/20113.jpg,aphids,val
aphids/20117.jpg,aphids,train
aphids/20119.jpg,aphids,train
aphids/20120.jpg,aphids,train
aphids/20121.jpg,aphids,train
aphids/20122.jpg,aphids,train
aphids/20123.jpg,aphids,train
aphids/20124.jpg,aphids,train
aphids/20126.jpg,aphids,train
aphids/20128.jpg,aphids,train
aphids/20130.jpg,aphids,train
aphids/20131.jpg,aphids,train
aphids/20133.jpg,aphids,val
aphids/20134.jpg,aphids,train
aphids/20135.jpg,aphids,train
aphids/20136.jpg,aphids,train
aphids/20138.jpg,aphids,train
aphids/20140.jpg,aphids,val
aphids/20142.jpg,aphids,train
aphids/20147.jpg,aphids,train
aphids/20149.jpg,aphids,val
aphids/20150.jpg,aphids,val
aphids/20151.jpg,aphids,train
aphids/20153.jpg,aphids,train
aphids/20154.jpg,aphids,val
aphids/20156.jpg,aphids,train
aphids/20157.jpg,aphids,train
aphids/20159.jpg,aphids,train
aphids/20160.jpg,aphids,train
aphids/20161.jpg,aphids,train
aphids/20162.jpg,aphids,train
aphids/20163.jpg,aphids,train
aphids/20167.jpg,aphids,test
aphids/20173.jpg,aphids,train
aphids/20174.jpg,aphids,train
aphids/20175.jpg,aphids,train
aphids/20176.jpg,aphids,train
aphids/20178.jpg,aphids,train
aphids/20181.jpg,aphids,train
aphids/20182.jpg,aphids,train
aphids/20183.jpg,aphids,train
aphids/20184.jpg,aphids,train
aphids/20185.jpg,aphids,train
aphids/20186.jpg,aphids,train
aphids/20187.jpg,aphids,train
aphids/20189.jpg,aphids,val
aphids/20191.jpg,aphids,train
aphids/20194.jpg,aphids,train
aphids/20196.jpg,aphids,train
aphids/20197.jpg,aphids,val
aphids/20198.jpg,aphids,train
aphids/20201.jpg,aphids,train
aphids/20203.jpg,aphids,train
aphids/20204.jpg,aphids,train
aphids/20205.jpg,aphids,val
aphids/20206.jpg,aphids,train
aphids/20208.jpg,aphids,train
aphids/20209.jpg,aphids,test
aphids/20211.jpg,aphids,train
aphids/20212.jpg,aphids,test
aphids/20213.jpg,aphids,test
aphids/20215.jpg,aphids,val
aphids/20216.jpg,aphids,train
aphids/20217.jpg,aphids,val
aphids/20218.jpg,aphids,test
aphids/20219.jpg,aphids,val
aphids/20223.jpg,aphids,test
aphids/20226.jpg,aphids,train
aphids/20227.jpg,aphids,train
aphids/20228.jpg,aphids,train
aphids/20229.jpg,aphids,train
aphids/20230.jpg,aphids,train
aphids/20231.jpg,aphids,train
aphids/20234.jpg,aphids,train
aphids/20235.jpg,aphids,train
aphids/20239.jpg,aphids,train
aphids/20242.jpg,aphids,train
aphids/20243.jpg,aphids,train
aphids/20244.jpg,aphids,train
aphids/20245.jpg,aphids,val
aphids/20246.jpg,aphids,val
aphids/20247.jpg,aphids,train
aphids/20248.jpg,aphids,train
aphids/20249.jpg,aphids,train
aphids/20255.jpg,aphids,train
aphids/20256.jpg,aphids,train
aphids/20257.jpg,aphids,train
aphids/20259.jpg,aphids,val
aphids/20261.jpg,aphids,train
aphids/20262.jpg,aphids,train
aphids/20263.jpg,aphids,train
aphids/20267.jpg,aphids,train
aphids/20268.jpg,aphids,train
aphids/20269.jpg,aphids,train
aphids/20273.jpg,aphids,test
aphids/20274.jpg,aphids,test
aphids/20275.jpg,aphids,train
aphids/20277.jpg,aphids,test
aphids/20279.jpg,aphids,train
aphids/20280.jpg,aphids,train
aphids/20281.jpg,aphids,train
aphids/20282.jpg,aphids,train
aphids/20286.jpg,aphids,train
aphids/20287.jpg,aphids,train
aphids/20289.jpg,aphids,train
aphids/20290.jpg,aphids,test
aphids/20291.jpg,aphids,train
aphids/20292.jpg,aphids,train
aphids/20294.jpg,aphids,test
aphids/20295.jpg,aphids,test
aphids/20296.jpg,aphids,val
aphids/20297.jpg,aphids,train
aphids/20298.jpg,aphids,train
aphids/20300.jpg,aphids,val
aphids/20303.jpg,aphids,val
aphids/20304.jpg,aphids,test
aphids/20305.jpg,aphids,test
aphids/20308.jpg,aphids,test
aphids/20310.jpg,aphids,train
aphids/20311.jpg,aphids,train
aphids/20313.jpg,aphids,train
aphids/20314.jpg,aphids,train
aphids/20315.jpg,aphids,train
aphids/20316.jpg,aphids,train
aphids/20319.jpg,aphids,train
aphids/20323.jpg,aphids,val
aphids/20324.jpg,aphids,test
aphids/20325.jpg,aphids,train
aphids/20329.jpg,aphids,train
aphids/20331.jpg,aphids,train
aphids/20332.jpg,aphids,val
aphids/20333.jpg,aphids,train
aphids/20335.jpg,aphids,val
aphids/20336.jpg,aphids,test
aphids/20337.jpg,aphids,test
aphids/20341.jpg,aphids,train
aphids/20342.jpg,aphids,train
aphids/20343.jpg,aphids,test
aphids/20344.jpg,aphids,train
aphids/20345.jpg,aphids,test
aphids/20349.jpg,aphids,val
aphids/20350.jpg,aphids,val
aphids/20351.jpg,aphids,train
aphids/20352.jpg,aphids,train
aphids/20353.jpg,aphids,test
aphids/20356.jpg,aphids,test
aphids/20358.jpg,aphids,val
aphids/20361.jpg,aphids,train
aphids/20362.jpg,aphids,train
aphids/20364.jpg,aphids,test
aphids/20365.jpg,aphids,train
aphids/20366.jpg,aphids,test
aphids/20368.jpg,aphids,train
aphids/20371.jpg,aphids,train
aphids/20372.jpg,aphids,train
aphids/20375.jpg,aphids,train
aphids/20377.jpg,aphids,val
aphids/20378.jpg,aphids,test
aphids/20379.jpg,aphids,val
aphids/20380.jpg,aphids,val
aphids/20381.jpg,aphids,train
aphids/20383.jpg,aphids,test
aphids/20384.jpg,aphids,train
aphids/20386.jpg,aphids,test
aphids/20387.jpg,aphids,test
aphids/20389.jpg,aphids,train
aphids/20391.jpg,aphids,train
aphids/20393.jpg,aphids,train
aphids/20394.jpg,aphids,val
aphids/20396.jpg,aphids,train
aphids/20397.jpg,aphids,train
aphids/20398.jpg,aphids,test
aphids/20402.jpg,aphids,val
aphids/20404.jpg,aphids,train
aphids/20408.jpg,aphids,train
aphids/20412.jpg,aphids,val
aphids/20413.jpg,aphids,train
aphids/20414.jpg,aphids,train
aphids/20415.jpg,aphids,train
aphids/20416.jpg,aphids,test
aphids/20418.jpg,aphids,test
aphids/20420.jpg,aphids,train
aphids/20425.jpg,aphids,train
aphids/20426.jpg,aphids,train
aphids/20427.jpg,aphids,train
aphids/20428.jpg,aphids,test
aphids/20429.jpg,aphids,train
aphids/20430.jpg,aphids,test
aphids/20431.jpg,aphids,test
aphids/20432.jpg,aphids,train
aphids/20433.jpg,aphids,train
aphids/20434.jpg,aphids,train
aphids/20435.jpg,aphids,val
aphids/20436.jpg,aphids,train
aphids/20437.jpg,aphids,train
aphids/20438.jpg,aphids,train
aphids/20441.jpg,aphids,train
aphids/20442.jpg,aphids,train
aphids/20443.jpg,aphids,train
aphids/20445.jpg,aphids,train
aphids/20446.jpg,aphids,train
aphids/20447.jpg,aphids,train
aphids/20450.jpg,aphids,train
aphids/20453.jpg,aphids,train
aphids/20454.jpg,aphids,test
aphids/20455.jpg,aphids,train
aphids/20458.jpg,aphids,train
aphids/20459.jpg,aphids,train
aphids/20463.jpg,aphids,test
aphids/20464.jpg,aphids,val
aphids/20465.jpg,aphids,train
aphids/20466.jpg,aphids,train
aphids/20467.jpg,aphids,test
aphids/20468.jpg,aphids,train
aphids/20471.jpg,aphids,test
aphids/20472.jpg,aphids,train
aphids/20474.jpg,aphids,test
aphids/20476.jpg,aphids,val
aphids/20477.jpg,aphids,train
aphids/20478.jpg,aphids,train
aphids/20480.jpg,aphids,train
aphids/20481.jpg,aphids,train
aphids/20482.jpg,aphids,train
aphids/20483.jpg,aphids,val
aphids/20484.jpg,aphids,train
aphids/20485.jpg,aphids,train
aphids/20487.jpg,aphids,train
aphids/20488.jpg,aphids,train
aphids/20489.jpg,aphids,val
aphids/20490.jpg,aphids,test
aphids/20491.jpg,aphids,val
aphids/20492.jpg,aphids,train
aphids/20494.jpg,aphids,val
aphids/20496.jpg,aphids,train
aphids/20497.jpg,aphids,train
aphids/20498.jpg,aphids,train
aphids/20499.jpg,aphids,train
aphids/20501.jpg,aphids,train
aphids/20503.jpg,aphids,val
aphids/20504.jpg,aphids,val
aphids/20505.jpg,aphids,train
aphids/20506.jpg,aphids,test
aphids/20508.jpg,aphids,train
aphids/20509.jpg,aphids,train
aphids/20512.jpg,aphids,val
aphids/20514.jpg,aphids,train
aphids/20515.jpg,aphids,train
aphids/20516.jpg,aphids,train
aphids/20518.jpg,aphids,val
aphids/20519.jpg,aphids,train
aphids/20520.jpg,aphids,train
aphids/20522.jpg,aphids,test
aphids/20523.jpg,aphids,val
aphids/20524.jpg,aphids,train
aphids/20525.jpg,aphids,train
aphids/20528.jpg,aphids,test
aphids/20529.jpg,aphids,train
aphids/20530.jpg,aphids,train
aphids/20531.jpg,aphids,train
aphids/20533.jpg,aphids,train
aphids/20534.jpg,aphids,train
aphids/20535.jpg,aphids,train
aphids/20536.jpg,aphids,train
aphids/20538.jpg,aphids,train
aphids/20542.jpg,aphids,train
aphids/20543.jpg,aphids,train
aphids/20550.jpg,aphids,train
aphids/20551.jpg,aphids,train
aphids/20552.jpg,aphids,train
aphids/20553.jpg,aphids,train
aphids/20554.jpg,aphids,test
aphids/20555.jpg,aphids,train
aphids/20556.jpg,aphids,train
aphids/20562.jpg,aphids,val
aphids/20563.jpg,aphids,train
aphids/20564.jpg,aphids,train
aphids/20566.jpg,aphids,train
aphids/20571.jpg,aphids,test
aphids/20572.jpg,aphids,train
aphids/20574.jpg,aphids,val
aphids/20575.jpg,aphids,train
aphids/20577.jpg,aphids,test
aphids/20579.jpg,aphids,train
aphids/20581.jpg,aphids,train
aphids/20583.jpg,aphids,train
aphids/20585.jpg,aphids,train
aphids/20587.jpg,aphids,train
aphids/20588.jpg,aphids,train
aphids/20592.jpg,aphids,train
aphids/20593.jpg,aphids,train
aphids/20595.jpg,aphids,val
aphids/20596.jpg,aphids,val
aphids/20597.jpg,aphids,train
aphids/20598.jpg,aphids,train
aphids/20599.jpg,aphids,train
aphids/20606.jpg,aphids,train
aphids/20607.jpg,aphids,train
aphids/20608.jpg,aphids,test
aphids/20610.jpg,aphids,train
aphids/20612.jpg,aphids,train
aphids/20613.jpg,aphids,test
aphids/20614.jpg,aphids,test
aphids/20615.jpg,aphids,train
aphids/20616.jpg,aphids,train
aphids/20617.jpg,aphids,train
aphids/20618.jpg,aphids,train
aphids/20619.jpg,aphids,train
aphids/20621.jpg,aphids,test
aphids/20622.jpg,aphids,train
aphids/20624.jpg,aphids,train
aphids/20625.jpg,aphids,train
aphids/20626.jpg,aphids,train
aphids/20627.jpg,aphids,train
aphids/20628.jpg,aphids,train
aphids/20632.jpg,aphids,train
aphids/20633.jpg,aphids,train
aphids/20635.jpg,aphids,test
aphids/20638.jpg,aphids,test
aphids/20640.jpg,aphids,train
aphids/20641.jpg,aphids,val
aphids/20642.jpg,aphids,train
aphids/20644.jpg,aphids,train
aphids/20645.jpg,aphids,train
aphids/20647.jpg,aphids,train
aphids/20648.jpg,aphids,train
aphids/20649.jpg,aphids,train
aphids/20651.jpg,aphids,val
aphids/20655.jpg,aphids,test
aphids/20657.jpg,aphids,train
aphids/20658.jpg,aphids,train
aphids/20659.jpg,aphids,train
aphids/20660.jpg,aphids,train
aphids/20661.jpg,aphids,train
aphids/20662.jpg,aphids,train
aphids/20663.jpg,aphids,train
aphids/20664.jpg,aphids,train
aphids/20665.jpg,aphids,train
aphids/20666.jpg,aphids,train
aphids/20667.jpg,aphids,train
aphids/20669.jpg,aphids,train
aphids/20670.jpg,aphids,train
aphids/20671.jpg,aphids,train
aphids/20673.jpg,aphids,train
aphids/20677.jpg,aphids,train
aphids/20678.jpg,aphids,train
aphids/20679.jpg,aphids,train
aphids/20680.jpg,aphids,train
aphids/20681.jpg,aphids,train
aphids/20682.jpg,aphids,train
aphids/20684.jpg,aphids,train
aphids/20685.jpg,aphids,train
aphids/20687.jpg,aphids,train
aphids/20689.jpg,aphids,train
aphids/20691.jpg,aphids,val
aphids/20692.jpg,aphids,train
aphids/20693.jpg,aphids,train
aphids/20694.jpg,aphids,val
aphids/20695.jpg,aphids,train
aphids/20696.jpg,aphids,train
aphids/20697.jpg,aphids,train
aphids/20698.jpg,aphids,train
aphids/20701.jpg,aphids,val
aphids/20702.jpg,aphids,train
aphids/20703.jpg,aphids,test
aphids/20704.jpg,aphids,train
aphids/20705.jpg,aphids,train
aphids/20707.jpg,aphids,train
aphids/20708.jpg,aphids,train
aphids/20709.jpg,aphids,test
aphids/20712.jpg,aphids,val
aphids/20713.jpg,aphids,val
aphids/20715.jpg,aphids,train
aphids/20717.jpg,aphids,train
aphids/20722.jpg,aphids,train
aphids/20723.jpg,aphids,test
aphids/20724.jpg,aphids,train
aphids/20726.jpg,aphids,train
aphids/20729.jpg,aphids,val
aphids/20730.jpg,aphids,train
aphids/20731.jpg,aphids,train
aphids/20733.jpg,aphids,train
aphids/20735.jpg,aphids,train
aphids/20736.jpg,aphids,train
aphids/20737.jpg,aphids,val
aphids/20738.jpg,aphids,train
aphids/20739.jpg,aphids,train
aphids/20740.jpg,aphids,val
aphids/20741.jpg,aphids,val
aphids/20745.jpg,aphids,train
aphids/20748.jpg,aphids,train
aphids/20749.jpg,aphids,val
aphids/20750.jpg,aphids,train
aphids/20751.jpg,aphids,train
aphids/20753.jpg,aphids,val
aphids/20754.jpg,aphids,train
aphids/20755.jpg,aphids,train
aphids/20756.jpg,aphids,train
aphids/20758.jpg,aphids,test
aphids/20759.jpg,aphids,test
aphids/20760.jpg,aphids,train
aphids/20765.jpg,aphids,test
aphids/20767.jpg,aphids,train
aphids/20768.jpg,aphids,val
aphids/20769.jpg,aphids,test
aphids/20770.jpg,aphids,train
aphids/20772.jpg,aphids,val
aphids/20776.jpg,aphids,train
aphids/20778.jpg,aphids,train
aphids/20779.jpg,aphids,test
aphids/20780.jpg,aphids,train
aphids/20781.jpg,aphids,val
aphids/20783.jpg,aphids,train
aphids/20784.jpg,aphids,train
aphids/20786.jpg,aphids,train
aphids/20788.jpg,aphids,train
aphids/20790.jpg,aphids,test
aphids/20794.jpg,aphids,val
aphids/20795.jpg,aphids,val
aphids/20798.jpg,aphids,val
aphids/20799.jpg,aphids,train
aphids/20802.jpg,aphids,train
aphids/20803.jpg,aphids,train
aphids/20804.jpg,aphids,train
aphids/20805.jpg,aphids,train
aphids/20806.jpg,aphids,train
aphids/20807.jpg,aphids,train
aphids/20810.jpg,aphids,val
aphids/20811.jpg,aphids,test
aphids/20812.jpg,aphids,train
aphids/20813.jpg,aphids,train
aphids/20814.jpg,aphids,train
aphids/20815.jpg,aphids,test
aphids/20816.jpg,aphids,train
aphids/20817.jpg,aphids,train
aphids/20818.jpg,aphids,train
aphids/20819.jpg,aphids,test
aphids/20820.jpg,aphids,train
aphids/20821.jpg,aphids,train
aphids/20822.jpg,aphids,test
aphids/20824.jpg,aphids,train
aphids/20831.jpg,aphids,train
aphids/20832.jpg,aphids,test
aphids/20835.jpg,aphids,train
aphids/20836.jpg,aphids,train
aphids/20837.jpg,aphids,train
aphids/20840.jpg,aphids,train
aphids/20841.jpg,aphids,train
aphids/20843.jpg,aphids,test
aphids/20844.jpg,aphids,train
aphids/20845.jpg,aphids,val
aphids/20846.jpg,aphids,train
aphids/20848.jpg,aphids,val
aphids/20850.jpg,aphids,train
aphids/20852.jpg,aphids,train
aphids/20854.jpg,aphids,train
aphids/20855.jpg,aphids,train
aphids/20856.jpg,aphids,val
aphids/20857.jpg,aphids,train
aphids/20858.jpg,aphids,val
aphids/20860.jpg,aphids,test
aphids/20861.jpg,aphids,train
aphids/20862.jpg,aphids,train
aphids/20863.jpg,aphids,train
aphids/20865.jpg,aphids,test
aphids/20867.jpg,aphids,val
aphids/20869.jpg,aphids,train
aphids/20871.jpg,aphids,train
aphids/20873.jpg,aphids,train
aphids/20875.jpg,aphids,train
aphids/20878.jpg,aphids,train
aphids/20882.jpg,aphids,train
aphids/20884.jpg,aphids,val
aphids/20885.jpg,aphids,val
aphids/20886.jpg,aphids,train
aphids/20893.jpg,aphids,train
aphids/20894.jpg,aphids,train
aphids/20895.jpg,aphids,test
aphids/20896.jpg,aphids,train
aphids/20897.jpg,aphids,train
aphids/20898.jpg,aphids,train
aphids/20899.jpg,aphids,val
aphids/20901.jpg,aphids,train
aphids/20904.jpg,aphids,val
aphids/20907.jpg,aphids,train
aphids/20910.jpg,aphids,train
aphids/20913.jpg,aphids,val
aphids/20914.jpg,aphids,train
aphids/20915.jpg,aphids,train
aphids/20917.jpg,aphids,train
aphids/20918.jpg,aphids,test
aphids/20919.jpg,aphids,train
aphids/20924.jpg,aphids,train
aphids/20926.jpg,aphids,train
aphids/20928.jpg,aphids,train
aphids/20930.jpg,aphids,test
aphids/20931.jpg,aphids,train
aphids/20933.jpg,aphids,train
aphids/20936.jpg,aphids,train
aphids/20937.jpg,aphids,train
aphids/20938.jpg,aphids,val
aphids/20941.jpg,aphids,train
aphids/20942.jpg,aphids,train
aphids/20943.jpg,aphids,test
aphids/20945.jpg,aphids,train
aphids/20946.jpg,aphids,train
aphids/20949.jpg,aphids,train
aphids/20950.jpg,aphids,train
aphids/20951.jpg,aphids,val
aphids/20952.jpg,aphids,train
aphids/20953.jpg,aphids,train
aphids/20956.jpg,aphids,train
aphids/20957.jpg,aphids,val
aphids/20958.jpg,aphids,train
aphids/20959.jpg,aphids,train
aphids/20961.jpg,aphids,test
aphids/20962.jpg,aphids,train
aphids/20963.jpg,aphids,train
aphids/20964.jpg,aphids,train
aphids/20965.jpg,aphids,train
aphids/20967.jpg,aphids,test
aphids/20969.jpg,aphids,train
aphids/20971.jpg,aphids,train
aphids/20973.jpg,aphids,train
aphids/20976.jpg,aphids,train
aphids/20977.jpg,aphids,test
aphids/20978.jpg,aphids,val
aphids/20980.jpg,aphids,train
aphids/20983.jpg,aphids,train
aphids/20986.jpg,aphids,train
aphids/20988.jpg,aphids,train
aphids/20991.jpg,aphids,train
aphids/20992.jpg,aphids,train
aphids/20993.jpg,aphids,val
aphids/20995.jpg,aphids,train
aphids/20996.jpg,aphids,train
aphids/20997.jpg,aphids,test
aphids/21000.jpg,aphids,train
aphids/21001.jpg,aphids,train
aphids/21002.jpg,aphids,train
aphids/21003.jpg,aphids,train
aphids/21004.jpg,aphids,val
aphids/21005.jpg,aphids,train
aphids/21006.jpg,aphids,train
aphids/21007.jpg,aphids,val
aphids/21010.jpg,aphids,train
aphids/21011.jpg,aphids,train
aphids/21012.jpg,aphids,train
aphids/21013.jpg,aphids,train
aphids/21014.jpg,aphids,train
aphids/21015.jpg,aphids,train
aphids/21018.jpg,aphids,test
aphids/21020.jpg,aphids,train
aphids/21021.jpg,aphids,train
aphids/21023.jpg,aphids,train
aphids/21025.jpg,aphids,train
aphids/21027.jpg,aphids,train
aphids/21028.jpg,aphids,train
aphids/21033.jpg,aphids,train
aphids/21034.jpg,aphids,train
aphids/21035.jpg,aphids,train
aphids/21036.jpg,aphids,train
aphids/21037.jpg,aphids,train
aphids/21040.jpg,aphids,val
aphids/21043.jpg,aphids,train
aphids/21044.jpg,aphids,val
aphids/21045.jpg,aphids,train
aphids/21046.jpg,aphids,val
aphids/21047.jpg,aphids,train
aphids/21048.jpg,aphids,train
aphids/21049.jpg,aphids,train
aphids/21050.jpg,aphids,train
aphids/21052.jpg,aphids,train
aphids/21053.jpg,aphids,train
aphids/21055.jpg,aphids,train
aphids/21056.jpg,aphids,train
aphids/21057.jpg,aphids,val
aphids/21058.jpg,aphids,train
aphids/21059.jpg,aphids,train
aphids/21061.jpg,aphids,val
aphids/21063.jpg,aphids,val
aphids/21064.jpg,aphids,val
aphids/21065.jpg,aphids,val
aphids/21067.jpg,aphids,train
aphids/21068.jpg,aphids,val
aphids/21070.jpg,aphids,train
aphids/21071.jpg,aphids,train
aphids/21072.jpg,aphids,train
aphids/21073.jpg,aphids,train
aphids/21076.jpg,aphids,train
aphids/21081.jpg,aphids,train
aphids/21082.jpg,aphids,test
aphids/21083.jpg,aphids,train
aphids/21084.jpg,aphids,train
aphids/21087.jpg,aphids,train
aphids/21088.jpg,aphids,train
aphids/21092.jpg,aphids,train
aphids/21093.jpg,aphids,train
aphids/21097.jpg,aphids,train
aphids/21098.jpg,aphids,train
aphids/21100.jpg,aphids,train
aphids/21101.jpg,aphids,test
aphids/21102.jpg,aphids,train
aphids/21103.jpg,aphids,train
aphids/21105.jpg,aphids,train
aphids/21106.jpg,aphids,train
aphids/21107.jpg,aphids,train
aphids/21109.jpg,aphids,train
aphids/21110.jpg,aphids,train
aphids/21112.jpg,aphids,test
aphids/21115.jpg,aphids,test
aphids/21116.jpg,aphids,train
aphids/21117.jpg,aphids,val
aphids/21118.jpg,aphids,train
aphids/21120.jpg,aphids,train
aphids/21121.jpg,aphids,train
aphids/21122.jpg,aphids,test
aphids/21123.jpg,aphids,train
aphids/21124.jpg,aphids,train
aphids/21129.jpg,aphids,train
aphids/21131.jpg,aphids,train
aphids/21133.jpg,aphids,train
aphids/21135.jpg,aphids,test
aphids/21136.jpg,aphids,train
aphids/21138.jpg,aphids,val
aphids/21140.jpg,aphids,train
aphids/21141.jpg,aphids,test
aphids/21143.jpg,aphids,train
aphids/21145.jpg,aphids,train
aphids/21146.jpg,aphids,train
aphids/21148.jpg,aphids,val
aphids/21152.jpg,aphids,train
aphids/21153.jpg,aphids,train
aphids/21155.jpg,aphids,train
aphids/21156.jpg,aphids,train
aphids/21157.jpg,aphids,train
aphids/21158.jpg,aphids,train
aphids/21159.jpg,aphids,train
aphids/21161.jpg,aphids,train
aphids/21162.jpg,aphids,test
aphids/21164.jpg,aphids,train
aphids/21167.jpg,aphids,train
aphids/21168.jpg,aphids,test
aphids/21169.jpg,aphids,train
aphids/21170.jpg,aphids,val
aphids/21171.jpg,aphids,train
aphids/21174.jpg,aphids,train
aphids/21175.jpg,aphids,train
